SEDE_ATENCION|DISTRITO_ATENCION|PROVINCIA_ATENCION|DEPARTAMENTO_ATENCION|SEXO|EDAD|ANIO_EMISION|MES_EMISION|ESTADO_TRAMITE|CANTIDAD|FECHA_PROCESO
A.I.J.CH.|CALLAO|CALLAO|CALLAO|FEMENINO|MAYOR DE EDAD (18 AÑOS A MÁS)|2025|ENERO|EMITIDO|2779|2026-08-05
A.I.J.CH.|CALLAO|CALLAO|CALLAO|FEMENINO|MENOR DE EDAD (0 A 17 AÑOS)|2025|ENERO|EMITIDO|561|2026-08-05
A.I.J.CH.|CALLAO|CALLAO|CALLAO|MASCULINO|MAYOR DE EDAD (18 AÑOS A MÁS)|2025|ENERO|EMITIDO|3023|2026-08-05
A.I.J.CH.|CALLAO|CALLAO|CALLAO|MASCULINO|MENOR DE EDAD (0 A 17 AÑOS)|2025|ENERO|EMITIDO|622|2026-08-05
CHICLAYO|CHICLAYO|CHICLAYO|LAMBAYEQUE|FEMENINO|MAYOR DE EDAD (18 AÑOS A MÁS)|2025|ENERO|EMITIDO|542|2026-08-05
CHICLAYO|CHICLAYO|CHICLAYO|LAMBAYEQUE|FEMENINO|MENOR DE EDAD (0 A 17 AÑOS)|2025|ENERO|EMITIDO|114|2026-08-05
CHICLAYO|CHICLAYO|CHICLAYO|LAMBAYEQUE|MASCULINO|MAYOR DE EDAD (18 AÑOS A MÁS)|2025|ENERO|EMITIDO|479|2026-08-05
CHICLAYO|CHICLAYO|CHICLAYO|LAMBAYEQUE|MASCULINO|MENOR DE EDAD (0 A 17 AÑOS)|2025|ENERO|EMITIDO|121|2026-08-05
CHIMBOTE|CHIMBOTE|SANTA|ANCASH|FEMENINO|MAYOR DE EDAD (18 AÑOS A MÁS)|2025|ENERO|EMITIDO|364|2026-08-05
CHIMBOTE|CHIMBOTE|SANTA|ANCASH|FEMENINO|MENOR DE EDAD (0 A 17 AÑOS)|2025|ENERO|EMITIDO|69|2026-08-05
CHIMBOTE|CHIMBOTE|SANTA|ANCASH|MASCULINO|MAYOR DE EDAD (18 AÑOS A MÁS)|2025|ENERO|EMITIDO|284|2026-08-05
CHIMBOTE|CHIMBOTE|SANTA|ANCASH|MASCULINO|MENOR DE EDAD (0 A 17 AÑOS)|2025|ENERO|EMITIDO|70|2026-08-05
CUSCO|CUSCO|CUSCO|CUSCO|FEMENINO|MAYOR DE EDAD (18 AÑOS A MÁS)|2025|ENERO|EMITIDO|543|2026-08-05
CUSCO|CUSCO|CUSCO|CUSCO|FEMENINO|MENOR DE EDAD (0 A 17 AÑOS)|2025|ENERO|EMITIDO|107|2026-08-05
CUSCO|CUSCO|CUSCO|CUSCO|MASCULINO|MAYOR DE EDAD (18 AÑOS A MÁS)|2025|ENERO|EMITIDO|457|2026-08-05
CUSCO|CUSCO|CUSCO|CUSCO|MASCULINO|MENOR DE EDAD (0 A 17 AÑOS)|2025|ENERO|EMITIDO|137|2026-08-05
HUANCAYO|HUANCAYO|HUANCAYO|JUNIN|FEMENINO|MAYOR DE EDAD (18 AÑOS A MÁS)|2025|ENERO|EMITIDO|418|2026-08-05
HUANCAYO|HUANCAYO|HUANCAYO|JUNIN|FEMENINO|MENOR DE EDAD (0 A 17 AÑOS)|2025|ENERO|EMITIDO|97|2026-08-05
HUANCAYO|HUANCAYO|HUANCAYO|JUNIN|MASCULINO|MAYOR DE EDAD (18 AÑOS A MÁS)|2025|ENERO|EMITIDO|462|2026-08-05
HUANCAYO|HUANCAYO|HUANCAYO|JUNIN|MASCULINO|MENOR DE EDAD (0 A 17 AÑOS)|2025|ENERO|EMITIDO|67|2026-08-05
LA MOLINA|LA MOLINA|LIMA|LIMA|FEMENINO|MAYOR DE EDAD (18 AÑOS A MÁS)|2025|ENERO|EMITIDO|1263|2026-08-05
LA MOLINA|LA MOLINA|LIMA|LIMA|FEMENINO|MENOR DE EDAD (0 A 17 AÑOS)|2025|ENERO|EMITIDO|295|2026-08-05
LA MOLINA|LA MOLINA|LIMA|LIMA|MASCULINO|MAYOR DE EDAD (18 AÑOS A MÁS)|2025|ENERO|EMITIDO|1042|2026-08-05
LA MOLINA|LA MOLINA|LIMA|LIMA|MASCULINO|MENOR DE EDAD (0 A 17 AÑOS)|2025|ENERO|EMITIDO|278|2026-08-05
LIMA|LIMA|LIMA|LIMA|FEMENINO|MAYOR DE EDAD (18 AÑOS A MÁS)|2025|ENERO|EMITIDO|3585|2026-08-05
LIMA|LIMA|LIMA|LIMA|FEMENINO|MENOR DE EDAD (0 A 17 AÑOS)|2025|ENERO|EMITIDO|870|2026-08-05
LIMA|LIMA|LIMA|LIMA|MASCULINO|MAYOR DE EDAD (18 AÑOS A MÁS)|2025|ENERO|EMITIDO|2798|2026-08-05
LIMA|LIMA|LIMA|LIMA|MASCULINO|MENOR DE EDAD (0 A 17 AÑOS)|2025|ENERO|EMITIDO|902|2026-08-05
LIMA - MIGRACENTRO VILLA MARÍA|VILLA MARIA DEL TRIUNFO|LIMA|LIMA|FEMENINO|MAYOR DE EDAD (18 AÑOS A MÁS)|2025|ENERO|EMITIDO|1200|2026-08-05
LIMA - MIGRACENTRO VILLA MARÍA|VILLA MARIA DEL TRIUNFO|LIMA|LIMA|FEMENINO|MENOR DE EDAD (0 A 17 AÑOS)|2025|ENERO|EMITIDO|255|2026-08-05
LIMA - MIGRACENTRO VILLA MARÍA|VILLA MARIA DEL TRIUNFO|LIMA|LIMA|MASCULINO|MAYOR DE EDAD (18 AÑOS A MÁS)|2025|ENERO|EMITIDO|971|2026-08-05
LIMA - MIGRACENTRO VILLA MARÍA|VILLA MARIA DEL TRIUNFO|LIMA|LIMA|MASCULINO|MENOR DE EDAD (0 A 17 AÑOS)|2025|ENERO|EMITIDO|253|2026-08-05
MAC AREQUIPA PORONGOCHE|PAUCARPATA|AREQUIPA|AREQUIPA|FEMENINO|MAYOR DE EDAD (18 AÑOS A MÁS)|2025|ENERO|EMITIDO|730|2026-08-05
MAC AREQUIPA PORONGOCHE|PAUCARPATA|AREQUIPA|AREQUIPA|FEMENINO|MENOR DE EDAD (0 A 17 AÑOS)|2025|ENERO|EMITIDO|184|2026-08-05
MAC AREQUIPA PORONGOCHE|PAUCARPATA|AREQUIPA|AREQUIPA|MASCULINO|MAYOR DE EDAD (18 AÑOS A MÁS)|2025|ENERO|EMITIDO|585|2026-08-05
MAC AREQUIPA PORONGOCHE|PAUCARPATA|AREQUIPA|AREQUIPA|MASCULINO|MENOR DE EDAD (0 A 17 AÑOS)|2025|ENERO|EMITIDO|174|2026-08-05
MAC CAJAMARCA|CAJAMARCA|CAJAMARCA|CAJAMARCA|FEMENINO|MAYOR DE EDAD (18 AÑOS A MÁS)|2025|ENERO|EMITIDO|247|2026-08-05
MAC CAJAMARCA|CAJAMARCA|CAJAMARCA|CAJAMARCA|FEMENINO|MENOR DE EDAD (0 A 17 AÑOS)|2025|ENERO|EMITIDO|53|2026-08-05
MAC CAJAMARCA|CAJAMARCA|CAJAMARCA|CAJAMARCA|MASCULINO|MAYOR DE EDAD (18 AÑOS A MÁS)|2025|ENERO|EMITIDO|241|2026-08-05
MAC CAJAMARCA|CAJAMARCA|CAJAMARCA|CAJAMARCA|MASCULINO|MENOR DE EDAD (0 A 17 AÑOS)|2025|ENERO|EMITIDO|54|2026-08-05
MAC HUANUCO|HUANUCO|HUANUCO|HUANUCO|FEMENINO|MAYOR DE EDAD (18 AÑOS A MÁS)|2025|ENERO|EMITIDO|139|2026-08-05
MAC HUANUCO|HUANUCO|HUANUCO|HUANUCO|FEMENINO|MENOR DE EDAD (0 A 17 AÑOS)|2025|ENERO|EMITIDO|29|2026-08-05
MAC HUANUCO|HUANUCO|HUANUCO|HUANUCO|MASCULINO|MAYOR DE EDAD (18 AÑOS A MÁS)|2025|ENERO|EMITIDO|137|2026-08-05
MAC HUANUCO|HUANUCO|HUANUCO|HUANUCO|MASCULINO|MENOR DE EDAD (0 A 17 AÑOS)|2025|ENERO|EMITIDO|32|2026-08-05
MAC LIMA ESTE|SANTA ANITA|LIMA|LIMA|FEMENINO|MAYOR DE EDAD (18 AÑOS A MÁS)|2025|ENERO|EMITIDO|1733|2026-08-05
MAC LIMA ESTE|SANTA ANITA|LIMA|LIMA|FEMENINO|MENOR DE EDAD (0 A 17 AÑOS)|2025|ENERO|EMITIDO|350|2026-08-05
MAC LIMA ESTE|SANTA ANITA|LIMA|LIMA|MASCULINO|MAYOR DE EDAD (18 AÑOS A MÁS)|2025|ENERO|EMITIDO|1521|2026-08-05
MAC LIMA ESTE|SANTA ANITA|LIMA|LIMA|MASCULINO|MENOR DE EDAD (0 A 17 AÑOS)|2025|ENERO|EMITIDO|381|2026-08-05
MAC LIMA NORTE|COMAS|LIMA|LIMA|FEMENINO|MAYOR DE EDAD (18 AÑOS A MÁS)|2025|ENERO|EMITIDO|1821|2026-08-05
MAC LIMA NORTE|COMAS|LIMA|LIMA|FEMENINO|MENOR DE EDAD (0 A 17 AÑOS)|2025|ENERO|EMITIDO|425|2026-08-05
MAC LIMA NORTE|COMAS|LIMA|LIMA|MASCULINO|MAYOR DE EDAD (18 AÑOS A MÁS)|2025|ENERO|EMITIDO|1600|2026-08-05
MAC LIMA NORTE|COMAS|LIMA|LIMA|MASCULINO|MENOR DE EDAD (0 A 17 AÑOS)|2025|ENERO|EMITIDO|372|2026-08-05
MAC LORETO|PUNCHANA|MAYNAS|LORETO|FEMENINO|MAYOR DE EDAD (18 AÑOS A MÁS)|2025|ENERO|EMITIDO|161|2026-08-05
MAC LORETO|PUNCHANA|MAYNAS|LORETO|FEMENINO|MENOR DE EDAD (0 A 17 AÑOS)|2025|ENERO|EMITIDO|33|2026-08-05
MAC LORETO|PUNCHANA|MAYNAS|LORETO|MASCULINO|MAYOR DE EDAD (18 AÑOS A MÁS)|2025|ENERO|EMITIDO|139|2026-08-05
MAC LORETO|PUNCHANA|MAYNAS|LORETO|MASCULINO|MENOR DE EDAD (0 A 17 AÑOS)|2025|ENERO|EMITIDO|31|2026-08-05
MAC UCAYALI|YARINACOCHA|CORONEL PORTILLO|UCAYALI|FEMENINO|MAYOR DE EDAD (18 AÑOS A MÁS)|2025|ENERO|EMITIDO|142|2026-08-05
MAC UCAYALI|YARINACOCHA|CORONEL PORTILLO|UCAYALI|FEMENINO|MENOR DE EDAD (0 A 17 AÑOS)|2025|ENERO|EMITIDO|41|2026-08-05
MAC UCAYALI|YARINACOCHA|CORONEL PORTILLO|UCAYALI|MASCULINO|MAYOR DE EDAD (18 AÑOS A MÁS)|2025|ENERO|EMITIDO|141|2026-08-05
MAC UCAYALI|YARINACOCHA|CORONEL PORTILLO|UCAYALI|MASCULINO|MENOR DE EDAD (0 A 17 AÑOS)|2025|ENERO|EMITIDO|39|2026-08-05
MIGRACENTRO REAL PLAZA PRIMAVERA|SAN BORJA|LIMA|LIMA|FEMENINO|MAYOR DE EDAD (18 AÑOS A MÁS)|2025|ENERO|EMITIDO|1182|2026-08-05
MIGRACENTRO REAL PLAZA PRIMAVERA|SAN BORJA|LIMA|LIMA|FEMENINO|MENOR DE EDAD (0 A 17 AÑOS)|2025|ENERO|EMITIDO|296|2026-08-05
MIGRACENTRO REAL PLAZA PRIMAVERA|SAN BORJA|LIMA|LIMA|MASCULINO|MAYOR DE EDAD (18 AÑOS A MÁS)|2025|ENERO|EMITIDO|957|2026-08-05
MIGRACENTRO REAL PLAZA PRIMAVERA|SAN BORJA|LIMA|LIMA|MASCULINO|MENOR DE EDAD (0 A 17 AÑOS)|2025|ENERO|EMITIDO|262|2026-08-05
PIURA|PIURA|PIURA|PIURA|FEMENINO|MAYOR DE EDAD (18 AÑOS A MÁS)|2025|ENERO|EMITIDO|323|2026-08-05
PIURA|PIURA|PIURA|PIURA|FEMENINO|MENOR DE EDAD (0 A 17 AÑOS)|2025|ENERO|EMITIDO|58|2026-08-05
PIURA|PIURA|PIURA|PIURA|MASCULINO|MAYOR DE EDAD (18 AÑOS A MÁS)|2025|ENERO|EMITIDO|307|2026-08-05
PIURA|PIURA|PIURA|PIURA|MASCULINO|MENOR DE EDAD (0 A 17 AÑOS)|2025|ENERO|EMITIDO|59|2026-08-05
PTO MALDON.|TAMBOPATA|TAMBOPATA|MADRE DE DIOS|FEMENINO|MAYOR DE EDAD (18 AÑOS A MÁS)|2025|ENERO|EMITIDO|98|2026-08-05
PTO MALDON.|TAMBOPATA|TAMBOPATA|MADRE DE DIOS|FEMENINO|MENOR DE EDAD (0 A 17 AÑOS)|2025|ENERO|EMITIDO|28|2026-08-05
PTO MALDON.|TAMBOPATA|TAMBOPATA|MADRE DE DIOS|MASCULINO|MAYOR DE EDAD (18 AÑOS A MÁS)|2025|ENERO|EMITIDO|95|2026-08-05
PTO MALDON.|TAMBOPATA|TAMBOPATA|MADRE DE DIOS|MASCULINO|MENOR DE EDAD (0 A 17 AÑOS)|2025|ENERO|EMITIDO|17|2026-08-05
PUERTO CALLAO|CALLAO|CALLAO|CALLAO|FEMENINO|MAYOR DE EDAD (18 AÑOS A MÁS)|2025|ENERO|EMITIDO|644|2026-08-05
PUERTO CALLAO|CALLAO|CALLAO|CALLAO|FEMENINO|MENOR DE EDAD (0 A 17 AÑOS)|2025|ENERO|EMITIDO|136|2026-08-05
PUERTO CALLAO|CALLAO|CALLAO|CALLAO|MASCULINO|MAYOR DE EDAD (18 AÑOS A MÁS)|2025|ENERO|EMITIDO|465|2026-08-05
PUERTO CALLAO|CALLAO|CALLAO|CALLAO|MASCULINO|MENOR DE EDAD (0 A 17 AÑOS)|2025|ENERO|EMITIDO|147|2026-08-05
PUNO|PUNO|PUNO|PUNO|FEMENINO|MAYOR DE EDAD (18 AÑOS A MÁS)|2025|ENERO|EMITIDO|331|2026-08-05
PUNO|PUNO|PUNO|PUNO|FEMENINO|MENOR DE EDAD (0 A 17 AÑOS)|2025|ENERO|EMITIDO|104|2026-08-05
PUNO|PUNO|PUNO|PUNO|MASCULINO|MAYOR DE EDAD (18 AÑOS A MÁS)|2025|ENERO|EMITIDO|311|2026-08-05
PUNO|PUNO|PUNO|PUNO|MASCULINO|MENOR DE EDAD (0 A 17 AÑOS)|2025|ENERO|EMITIDO|82|2026-08-05
PURUCHUCO|ATE|LIMA|LIMA|FEMENINO|MAYOR DE EDAD (18 AÑOS A MÁS)|2025|ENERO|EMITIDO|1205|2026-08-05
PURUCHUCO|ATE|LIMA|LIMA|FEMENINO|MENOR DE EDAD (0 A 17 AÑOS)|2025|ENERO|EMITIDO|324|2026-08-05
PURUCHUCO|ATE|LIMA|LIMA|MASCULINO|MAYOR DE EDAD (18 AÑOS A MÁS)|2025|ENERO|EMITIDO|1009|2026-08-05
PURUCHUCO|ATE|LIMA|LIMA|MASCULINO|MENOR DE EDAD (0 A 17 AÑOS)|2025|ENERO|EMITIDO|296|2026-08-05
SJMIRAFLORES|SAN JUAN DE MIRAFLORES|LIMA|LIMA|FEMENINO|MAYOR DE EDAD (18 AÑOS A MÁS)|2025|ENERO|EMITIDO|1731|2026-08-05
SJMIRAFLORES|SAN JUAN DE MIRAFLORES|LIMA|LIMA|FEMENINO|MENOR DE EDAD (0 A 17 AÑOS)|2025|ENERO|EMITIDO|437|2026-08-05
SJMIRAFLORES|SAN JUAN DE MIRAFLORES|LIMA|LIMA|MASCULINO|MAYOR DE EDAD (18 AÑOS A MÁS)|2025|ENERO|EMITIDO|1376|2026-08-05
SJMIRAFLORES|SAN JUAN DE MIRAFLORES|LIMA|LIMA|MASCULINO|MENOR DE EDAD (0 A 17 AÑOS)|2025|ENERO|EMITIDO|436|2026-08-05
TACNA|TACNA|TACNA|TACNA|FEMENINO|MAYOR DE EDAD (18 AÑOS A MÁS)|2025|ENERO|EMITIDO|291|2026-08-05
TACNA|TACNA|TACNA|TACNA|FEMENINO|MENOR DE EDAD (0 A 17 AÑOS)|2025|ENERO|EMITIDO|57|2026-08-05
TACNA|TACNA|TACNA|TACNA|MASCULINO|MAYOR DE EDAD (18 AÑOS A MÁS)|2025|ENERO|EMITIDO|250|2026-08-05
TACNA|TACNA|TACNA|TACNA|MASCULINO|MENOR DE EDAD (0 A 17 AÑOS)|2025|ENERO|EMITIDO|39|2026-08-05
TARAPOTO|TARAPOTO|SAN MARTIN|SAN MARTIN|FEMENINO|MAYOR DE EDAD (18 AÑOS A MÁS)|2025|ENERO|EMITIDO|207|2026-08-05
TARAPOTO|TARAPOTO|SAN MARTIN|SAN MARTIN|FEMENINO|MENOR DE EDAD (0 A 17 AÑOS)|2025|ENERO|EMITIDO|51|2026-08-05
TARAPOTO|TARAPOTO|SAN MARTIN|SAN MARTIN|MASCULINO|MAYOR DE EDAD (18 AÑOS A MÁS)|2025|ENERO|EMITIDO|166|2026-08-05
TARAPOTO|TARAPOTO|SAN MARTIN|SAN MARTIN|MASCULINO|MENOR DE EDAD (0 A 17 AÑOS)|2025|ENERO|EMITIDO|56|2026-08-05
TRUJILLO|TRUJILLO|TRUJILLO|LA LIBERTAD|FEMENINO|MAYOR DE EDAD (18 AÑOS A MÁS)|2025|ENERO|EMITIDO|958|2026-08-05
TRUJILLO|TRUJILLO|TRUJILLO|LA LIBERTAD|FEMENINO|MENOR DE EDAD (0 A 17 AÑOS)|2025|ENERO|EMITIDO|213|2026-08-05
TRUJILLO|TRUJILLO|TRUJILLO|LA LIBERTAD|MASCULINO|MAYOR DE EDAD (18 AÑOS A MÁS)|2025|ENERO|EMITIDO|701|2026-08-05
TRUJILLO|TRUJILLO|TRUJILLO|LA LIBERTAD|MASCULINO|MENOR DE EDAD (0 A 17 AÑOS)|2025|ENERO|EMITIDO|209|2026-08-05
TUMBES|TUMBES|TUMBES|TUMBES|FEMENINO|MAYOR DE EDAD (18 AÑOS A MÁS)|2025|ENERO|EMITIDO|102|2026-08-05
TUMBES|TUMBES|TUMBES|TUMBES|FEMENINO|MENOR DE EDAD (0 A 17 AÑOS)|2025|ENERO|EMITIDO|17|2026-08-05
TUMBES|TUMBES|TUMBES|TUMBES|MASCULINO|MAYOR DE EDAD (18 AÑOS A MÁS)|2025|ENERO|EMITIDO|122|2026-08-05
TUMBES|TUMBES|TUMBES|TUMBES|MASCULINO|MENOR DE EDAD (0 A 17 AÑOS)|2025|ENERO|EMITIDO|14|2026-08-05
VENTANILLA|VENTANILLA|CALLAO|CALLAO|FEMENINO|MAYOR DE EDAD (18 AÑOS A MÁS)|2025|ENERO|EMITIDO|225|2026-08-05
VENTANILLA|VENTANILLA|CALLAO|CALLAO|FEMENINO|MENOR DE EDAD (0 A 17 AÑOS)|2025|ENERO|EMITIDO|43|2026-08-05
VENTANILLA|VENTANILLA|CALLAO|CALLAO|MASCULINO|MAYOR DE EDAD (18 AÑOS A MÁS)|2025|ENERO|EMITIDO|199|2026-08-05
VENTANILLA|VENTANILLA|CALLAO|CALLAO|MASCULINO|MENOR DE EDAD (0 A 17 AÑOS)|2025|ENERO|EMITIDO|62|2026-08-05
A.I.J.CH.|CALLAO|CALLAO|CALLAO|FEMENINO|MAYOR DE EDAD (18 AÑOS A MÁS)|2025|FEBRERO|EMITIDO|2677|2026-08-05
A.I.J.CH.|CALLAO|CALLAO|CALLAO|FEMENINO|MENOR DE EDAD (0 A 17 AÑOS)|2025|FEBRERO|EMITIDO|624|2026-08-05
A.I.J.CH.|CALLAO|CALLAO|CALLAO|MASCULINO|MAYOR DE EDAD (18 AÑOS A MÁS)|2025|FEBRERO|EMITIDO|2768|2026-08-05
A.I.J.CH.|CALLAO|CALLAO|CALLAO|MASCULINO|MENOR DE EDAD (0 A 17 AÑOS)|2025|FEBRERO|EMITIDO|583|2026-08-05
CHICLAYO|CHICLAYO|CHICLAYO|LAMBAYEQUE|FEMENINO|MAYOR DE EDAD (18 AÑOS A MÁS)|2025|FEBRERO|EMITIDO|651|2026-08-05
CHICLAYO|CHICLAYO|CHICLAYO|LAMBAYEQUE|FEMENINO|MENOR DE EDAD (0 A 17 AÑOS)|2025|FEBRERO|EMITIDO|142|2026-08-05
CHICLAYO|CHICLAYO|CHICLAYO|LAMBAYEQUE|MASCULINO|MAYOR DE EDAD (18 AÑOS A MÁS)|2025|FEBRERO|EMITIDO|519|2026-08-05
CHICLAYO|CHICLAYO|CHICLAYO|LAMBAYEQUE|MASCULINO|MENOR DE EDAD (0 A 17 AÑOS)|2025|FEBRERO|EMITIDO|117|2026-08-05
CHIMBOTE|CHIMBOTE|SANTA|ANCASH|FEMENINO|MAYOR DE EDAD (18 AÑOS A MÁS)|2025|FEBRERO|EMITIDO|369|2026-08-05
CHIMBOTE|CHIMBOTE|SANTA|ANCASH|FEMENINO|MENOR DE EDAD (0 A 17 AÑOS)|2025|FEBRERO|EMITIDO|87|2026-08-05
CHIMBOTE|CHIMBOTE|SANTA|ANCASH|MASCULINO|MAYOR DE EDAD (18 AÑOS A MÁS)|2025|FEBRERO|EMITIDO|320|2026-08-05
CHIMBOTE|CHIMBOTE|SANTA|ANCASH|MASCULINO|MENOR DE EDAD (0 A 17 AÑOS)|2025|FEBRERO|EMITIDO|91|2026-08-05
CUSCO|CUSCO|CUSCO|CUSCO|FEMENINO|MAYOR DE EDAD (18 AÑOS A MÁS)|2025|FEBRERO|EMITIDO|538|2026-08-05
CUSCO|CUSCO|CUSCO|CUSCO|FEMENINO|MENOR DE EDAD (0 A 17 AÑOS)|2025|FEBRERO|EMITIDO|148|2026-08-05
CUSCO|CUSCO|CUSCO|CUSCO|MASCULINO|MAYOR DE EDAD (18 AÑOS A MÁS)|2025|FEBRERO|EMITIDO|475|2026-08-05
CUSCO|CUSCO|CUSCO|CUSCO|MASCULINO|MENOR DE EDAD (0 A 17 AÑOS)|2025|FEBRERO|EMITIDO|140|2026-08-05
HUANCAYO|HUANCAYO|HUANCAYO|JUNIN|FEMENINO|MAYOR DE EDAD (18 AÑOS A MÁS)|2025|FEBRERO|EMITIDO|474|2026-08-05
HUANCAYO|HUANCAYO|HUANCAYO|JUNIN|FEMENINO|MENOR DE EDAD (0 A 17 AÑOS)|2025|FEBRERO|EMITIDO|93|2026-08-05
HUANCAYO|HUANCAYO|HUANCAYO|JUNIN|MASCULINO|MAYOR DE EDAD (18 AÑOS A MÁS)|2025|FEBRERO|EMITIDO|407|2026-08-05
HUANCAYO|HUANCAYO|HUANCAYO|JUNIN|MASCULINO|MENOR DE EDAD (0 A 17 AÑOS)|2025|FEBRERO|EMITIDO|74|2026-08-05
LA MOLINA|LA MOLINA|LIMA|LIMA|FEMENINO|MAYOR DE EDAD (18 AÑOS A MÁS)|2025|FEBRERO|EMITIDO|552|2026-08-05
LA MOLINA|LA MOLINA|LIMA|LIMA|FEMENINO|MENOR DE EDAD (0 A 17 AÑOS)|2025|FEBRERO|EMITIDO|128|2026-08-05
LA MOLINA|LA MOLINA|LIMA|LIMA|MASCULINO|MAYOR DE EDAD (18 AÑOS A MÁS)|2025|FEBRERO|EMITIDO|413|2026-08-05
LA MOLINA|LA MOLINA|LIMA|LIMA|MASCULINO|MENOR DE EDAD (0 A 17 AÑOS)|2025|FEBRERO|EMITIDO|153|2026-08-05
LIMA|LIMA|LIMA|LIMA|FEMENINO|MAYOR DE EDAD (18 AÑOS A MÁS)|2025|FEBRERO|EMITIDO|5340|2026-08-05
LIMA|LIMA|LIMA|LIMA|FEMENINO|MENOR DE EDAD (0 A 17 AÑOS)|2025|FEBRERO|EMITIDO|1419|2026-08-05
LIMA|LIMA|LIMA|LIMA|MASCULINO|MAYOR DE EDAD (18 AÑOS A MÁS)|2025|FEBRERO|EMITIDO|4070|2026-08-05
LIMA|LIMA|LIMA|LIMA|MASCULINO|MENOR DE EDAD (0 A 17 AÑOS)|2025|FEBRERO|EMITIDO|1296|2026-08-05
LIMA - MIGRACENTRO VILLA MARÍA|VILLA MARIA DEL TRIUNFO|LIMA|LIMA|FEMENINO|MAYOR DE EDAD (18 AÑOS A MÁS)|2025|FEBRERO|EMITIDO|904|2026-08-05
LIMA - MIGRACENTRO VILLA MARÍA|VILLA MARIA DEL TRIUNFO|LIMA|LIMA|FEMENINO|MENOR DE EDAD (0 A 17 AÑOS)|2025|FEBRERO|EMITIDO|182|2026-08-05
LIMA - MIGRACENTRO VILLA MARÍA|VILLA MARIA DEL TRIUNFO|LIMA|LIMA|MASCULINO|MAYOR DE EDAD (18 AÑOS A MÁS)|2025|FEBRERO|EMITIDO|727|2026-08-05
LIMA - MIGRACENTRO VILLA MARÍA|VILLA MARIA DEL TRIUNFO|LIMA|LIMA|MASCULINO|MENOR DE EDAD (0 A 17 AÑOS)|2025|FEBRERO|EMITIDO|187|2026-08-05
MAC AREQUIPA PORONGOCHE|PAUCARPATA|AREQUIPA|AREQUIPA|FEMENINO|MAYOR DE EDAD (18 AÑOS A MÁS)|2025|FEBRERO|EMITIDO|755|2026-08-05
MAC AREQUIPA PORONGOCHE|PAUCARPATA|AREQUIPA|AREQUIPA|FEMENINO|MENOR DE EDAD (0 A 17 AÑOS)|2025|FEBRERO|EMITIDO|175|2026-08-05
MAC AREQUIPA PORONGOCHE|PAUCARPATA|AREQUIPA|AREQUIPA|MASCULINO|MAYOR DE EDAD (18 AÑOS A MÁS)|2025|FEBRERO|EMITIDO|618|2026-08-05
MAC AREQUIPA PORONGOCHE|PAUCARPATA|AREQUIPA|AREQUIPA|MASCULINO|MENOR DE EDAD (0 A 17 AÑOS)|2025|FEBRERO|EMITIDO|183|2026-08-05
MAC CAJAMARCA|CAJAMARCA|CAJAMARCA|CAJAMARCA|FEMENINO|MAYOR DE EDAD (18 AÑOS A MÁS)|2025|FEBRERO|EMITIDO|225|2026-08-05
MAC CAJAMARCA|CAJAMARCA|CAJAMARCA|CAJAMARCA|FEMENINO|MENOR DE EDAD (0 A 17 AÑOS)|2025|FEBRERO|EMITIDO|57|2026-08-05
MAC CAJAMARCA|CAJAMARCA|CAJAMARCA|CAJAMARCA|MASCULINO|MAYOR DE EDAD (18 AÑOS A MÁS)|2025|FEBRERO|EMITIDO|219|2026-08-05
MAC CAJAMARCA|CAJAMARCA|CAJAMARCA|CAJAMARCA|MASCULINO|MENOR DE EDAD (0 A 17 AÑOS)|2025|FEBRERO|EMITIDO|69|2026-08-05
MAC HUANUCO|HUANUCO|HUANUCO|HUANUCO|FEMENINO|MAYOR DE EDAD (18 AÑOS A MÁS)|2025|FEBRERO|EMITIDO|186|2026-08-05
MAC HUANUCO|HUANUCO|HUANUCO|HUANUCO|FEMENINO|MENOR DE EDAD (0 A 17 AÑOS)|2025|FEBRERO|EMITIDO|46|2026-08-05
MAC HUANUCO|HUANUCO|HUANUCO|HUANUCO|MASCULINO|MAYOR DE EDAD (18 AÑOS A MÁS)|2025|FEBRERO|EMITIDO|156|2026-08-05
MAC HUANUCO|HUANUCO|HUANUCO|HUANUCO|MASCULINO|MENOR DE EDAD (0 A 17 AÑOS)|2025|FEBRERO|EMITIDO|35|2026-08-05
MAC LA LIBERTAD|TRUJILLO|TRUJILLO|LA LIBERTAD|FEMENINO|MAYOR DE EDAD (18 AÑOS A MÁS)|2025|FEBRERO|EMITIDO|661|2026-08-05
MAC LA LIBERTAD|TRUJILLO|TRUJILLO|LA LIBERTAD|FEMENINO|MENOR DE EDAD (0 A 17 AÑOS)|2025|FEBRERO|EMITIDO|168|2026-08-05
MAC LA LIBERTAD|TRUJILLO|TRUJILLO|LA LIBERTAD|MASCULINO|MAYOR DE EDAD (18 AÑOS A MÁS)|2025|FEBRERO|EMITIDO|521|2026-08-05
MAC LA LIBERTAD|TRUJILLO|TRUJILLO|LA LIBERTAD|MASCULINO|MENOR DE EDAD (0 A 17 AÑOS)|2025|FEBRERO|EMITIDO|156|2026-08-05
MAC LIMA ESTE|SANTA ANITA|LIMA|LIMA|FEMENINO|MAYOR DE EDAD (18 AÑOS A MÁS)|2025|FEBRERO|EMITIDO|1875|2026-08-05
MAC LIMA ESTE|SANTA ANITA|LIMA|LIMA|FEMENINO|MENOR DE EDAD (0 A 17 AÑOS)|2025|FEBRERO|EMITIDO|419|2026-08-05
MAC LIMA ESTE|SANTA ANITA|LIMA|LIMA|MASCULINO|MAYOR DE EDAD (18 AÑOS A MÁS)|2025|FEBRERO|EMITIDO|1474|2026-08-05
MAC LIMA ESTE|SANTA ANITA|LIMA|LIMA|MASCULINO|MENOR DE EDAD (0 A 17 AÑOS)|2025|FEBRERO|EMITIDO|389|2026-08-05
MAC LIMA NORTE|COMAS|LIMA|LIMA|FEMENINO|MAYOR DE EDAD (18 AÑOS A MÁS)|2025|FEBRERO|EMITIDO|2021|2026-08-05
MAC LIMA NORTE|COMAS|LIMA|LIMA|FEMENINO|MENOR DE EDAD (0 A 17 AÑOS)|2025|FEBRERO|EMITIDO|446|2026-08-05
MAC LIMA NORTE|COMAS|LIMA|LIMA|MASCULINO|MAYOR DE EDAD (18 AÑOS A MÁS)|2025|FEBRERO|EMITIDO|1566|2026-08-05
MAC LIMA NORTE|COMAS|LIMA|LIMA|MASCULINO|MENOR DE EDAD (0 A 17 AÑOS)|2025|FEBRERO|EMITIDO|409|2026-08-05
MAC LORETO|PUNCHANA|MAYNAS|LORETO|FEMENINO|MAYOR DE EDAD (18 AÑOS A MÁS)|2025|FEBRERO|EMITIDO|193|2026-08-05
MAC LORETO|PUNCHANA|MAYNAS|LORETO|FEMENINO|MENOR DE EDAD (0 A 17 AÑOS)|2025|FEBRERO|EMITIDO|41|2026-08-05
MAC LORETO|PUNCHANA|MAYNAS|LORETO|MASCULINO|MAYOR DE EDAD (18 AÑOS A MÁS)|2025|FEBRERO|EMITIDO|164|2026-08-05
MAC LORETO|PUNCHANA|MAYNAS|LORETO|MASCULINO|MENOR DE EDAD (0 A 17 AÑOS)|2025|FEBRERO|EMITIDO|33|2026-08-05
MAC UCAYALI|YARINACOCHA|CORONEL PORTILLO|UCAYALI|FEMENINO|MAYOR DE EDAD (18 AÑOS A MÁS)|2025|FEBRERO|EMITIDO|190|2026-08-05
MAC UCAYALI|YARINACOCHA|CORONEL PORTILLO|UCAYALI|FEMENINO|MENOR DE EDAD (0 A 17 AÑOS)|2025|FEBRERO|EMITIDO|41|2026-08-05
MAC UCAYALI|YARINACOCHA|CORONEL PORTILLO|UCAYALI|MASCULINO|MAYOR DE EDAD (18 AÑOS A MÁS)|2025|FEBRERO|EMITIDO|171|2026-08-05
MAC UCAYALI|YARINACOCHA|CORONEL PORTILLO|UCAYALI|MASCULINO|MENOR DE EDAD (0 A 17 AÑOS)|2025|FEBRERO|EMITIDO|43|2026-08-05
MIGRACENTRO REAL PLAZA PRIMAVERA|SAN BORJA|LIMA|LIMA|FEMENINO|MAYOR DE EDAD (18 AÑOS A MÁS)|2025|FEBRERO|EMITIDO|1295|2026-08-05
MIGRACENTRO REAL PLAZA PRIMAVERA|SAN BORJA|LIMA|LIMA|FEMENINO|MENOR DE EDAD (0 A 17 AÑOS)|2025|FEBRERO|EMITIDO|283|2026-08-05
MIGRACENTRO REAL PLAZA PRIMAVERA|SAN BORJA|LIMA|LIMA|MASCULINO|MAYOR DE EDAD (18 AÑOS A MÁS)|2025|FEBRERO|EMITIDO|929|2026-08-05
MIGRACENTRO REAL PLAZA PRIMAVERA|SAN BORJA|LIMA|LIMA|MASCULINO|MENOR DE EDAD (0 A 17 AÑOS)|2025|FEBRERO|EMITIDO|322|2026-08-05
PIURA|PIURA|PIURA|PIURA|FEMENINO|MAYOR DE EDAD (18 AÑOS A MÁS)|2025|FEBRERO|EMITIDO|371|2026-08-05
PIURA|PIURA|PIURA|PIURA|FEMENINO|MENOR DE EDAD (0 A 17 AÑOS)|2025|FEBRERO|EMITIDO|110|2026-08-05
PIURA|PIURA|PIURA|PIURA|MASCULINO|MAYOR DE EDAD (18 AÑOS A MÁS)|2025|FEBRERO|EMITIDO|353|2026-08-05
PIURA|PIURA|PIURA|PIURA|MASCULINO|MENOR DE EDAD (0 A 17 AÑOS)|2025|FEBRERO|EMITIDO|71|2026-08-05
PTO MALDON.|TAMBOPATA|TAMBOPATA|MADRE DE DIOS|FEMENINO|MAYOR DE EDAD (18 AÑOS A MÁS)|2025|FEBRERO|EMITIDO|90|2026-08-05
PTO MALDON.|TAMBOPATA|TAMBOPATA|MADRE DE DIOS|FEMENINO|MENOR DE EDAD (0 A 17 AÑOS)|2025|FEBRERO|EMITIDO|31|2026-08-05
PTO MALDON.|TAMBOPATA|TAMBOPATA|MADRE DE DIOS|MASCULINO|MAYOR DE EDAD (18 AÑOS A MÁS)|2025|FEBRERO|EMITIDO|88|2026-08-05
PTO MALDON.|TAMBOPATA|TAMBOPATA|MADRE DE DIOS|MASCULINO|MENOR DE EDAD (0 A 17 AÑOS)|2025|FEBRERO|EMITIDO|25|2026-08-05
PUERTO CALLAO|CALLAO|CALLAO|CALLAO|FEMENINO|MAYOR DE EDAD (18 AÑOS A MÁS)|2025|FEBRERO|EMITIDO|695|2026-08-05
PUERTO CALLAO|CALLAO|CALLAO|CALLAO|FEMENINO|MENOR DE EDAD (0 A 17 AÑOS)|2025|FEBRERO|EMITIDO|185|2026-08-05
PUERTO CALLAO|CALLAO|CALLAO|CALLAO|MASCULINO|MAYOR DE EDAD (18 AÑOS A MÁS)|2025|FEBRERO|EMITIDO|528|2026-08-05
PUERTO CALLAO|CALLAO|CALLAO|CALLAO|MASCULINO|MENOR DE EDAD (0 A 17 AÑOS)|2025|FEBRERO|EMITIDO|137|2026-08-05
PUNO|PUNO|PUNO|PUNO|FEMENINO|MAYOR DE EDAD (18 AÑOS A MÁS)|2025|FEBRERO|EMITIDO|346|2026-08-05
PUNO|PUNO|PUNO|PUNO|FEMENINO|MENOR DE EDAD (0 A 17 AÑOS)|2025|FEBRERO|EMITIDO|68|2026-08-05
PUNO|PUNO|PUNO|PUNO|MASCULINO|MAYOR DE EDAD (18 AÑOS A MÁS)|2025|FEBRERO|EMITIDO|332|2026-08-05
PUNO|PUNO|PUNO|PUNO|MASCULINO|MENOR DE EDAD (0 A 17 AÑOS)|2025|FEBRERO|EMITIDO|76|2026-08-05
PURUCHUCO|ATE|LIMA|LIMA|FEMENINO|MAYOR DE EDAD (18 AÑOS A MÁS)|2025|FEBRERO|EMITIDO|972|2026-08-05
PURUCHUCO|ATE|LIMA|LIMA|FEMENINO|MENOR DE EDAD (0 A 17 AÑOS)|2025|FEBRERO|EMITIDO|227|2026-08-05
PURUCHUCO|ATE|LIMA|LIMA|MASCULINO|MAYOR DE EDAD (18 AÑOS A MÁS)|2025|FEBRERO|EMITIDO|761|2026-08-05
PURUCHUCO|ATE|LIMA|LIMA|MASCULINO|MENOR DE EDAD (0 A 17 AÑOS)|2025|FEBRERO|EMITIDO|260|2026-08-05
SJMIRAFLORES|SAN JUAN DE MIRAFLORES|LIMA|LIMA|FEMENINO|MAYOR DE EDAD (18 AÑOS A MÁS)|2025|FEBRERO|EMITIDO|1992|2026-08-05
SJMIRAFLORES|SAN JUAN DE MIRAFLORES|LIMA|LIMA|FEMENINO|MENOR DE EDAD (0 A 17 AÑOS)|2025|FEBRERO|EMITIDO|543|2026-08-05
SJMIRAFLORES|SAN JUAN DE MIRAFLORES|LIMA|LIMA|MASCULINO|MAYOR DE EDAD (18 AÑOS A MÁS)|2025|FEBRERO|EMITIDO|1580|2026-08-05
SJMIRAFLORES|SAN JUAN DE MIRAFLORES|LIMA|LIMA|MASCULINO|MENOR DE EDAD (0 A 17 AÑOS)|2025|FEBRERO|EMITIDO|509|2026-08-05
SURCO|SURCO|LIMA|LIMA|FEMENINO|MAYOR DE EDAD (18 AÑOS A MÁS)|2025|FEBRERO|EMITIDO|248|2026-08-05
SURCO|SURCO|LIMA|LIMA|FEMENINO|MENOR DE EDAD (0 A 17 AÑOS)|2025|FEBRERO|EMITIDO|65|2026-08-05
SURCO|SURCO|LIMA|LIMA|MASCULINO|MAYOR DE EDAD (18 AÑOS A MÁS)|2025|FEBRERO|EMITIDO|162|2026-08-05
SURCO|SURCO|LIMA|LIMA|MASCULINO|MENOR DE EDAD (0 A 17 AÑOS)|2025|FEBRERO|EMITIDO|73|2026-08-05
TACNA|TACNA|TACNA|TACNA|FEMENINO|MAYOR DE EDAD (18 AÑOS A MÁS)|2025|FEBRERO|EMITIDO|306|2026-08-05
TACNA|TACNA|TACNA|TACNA|FEMENINO|MENOR DE EDAD (0 A 17 AÑOS)|2025|FEBRERO|EMITIDO|62|2026-08-05
TACNA|TACNA|TACNA|TACNA|MASCULINO|MAYOR DE EDAD (18 AÑOS A MÁS)|2025|FEBRERO|EMITIDO|282|2026-08-05
TACNA|TACNA|TACNA|TACNA|MASCULINO|MENOR DE EDAD (0 A 17 AÑOS)|2025|FEBRERO|EMITIDO|49|2026-08-05
TARAPOTO|TARAPOTO|SAN MARTIN|SAN MARTIN|FEMENINO|MAYOR DE EDAD (18 AÑOS A MÁS)|2025|FEBRERO|EMITIDO|244|2026-08-05
TARAPOTO|TARAPOTO|SAN MARTIN|SAN MARTIN|FEMENINO|MENOR DE EDAD (0 A 17 AÑOS)|2025|FEBRERO|EMITIDO|61|2026-08-05
TARAPOTO|TARAPOTO|SAN MARTIN|SAN MARTIN|MASCULINO|MAYOR DE EDAD (18 AÑOS A MÁS)|2025|FEBRERO|EMITIDO|224|2026-08-05
TARAPOTO|TARAPOTO|SAN MARTIN|SAN MARTIN|MASCULINO|MENOR DE EDAD (0 A 17 AÑOS)|2025|FEBRERO|EMITIDO|68|2026-08-05
TUMBES|TUMBES|TUMBES|TUMBES|FEMENINO|MAYOR DE EDAD (18 AÑOS A MÁS)|2025|FEBRERO|EMITIDO|104|2026-08-05
TUMBES|TUMBES|TUMBES|TUMBES|FEMENINO|MENOR DE EDAD (0 A 17 AÑOS)|2025|FEBRERO|EMITIDO|19|2026-08-05
TUMBES|TUMBES|TUMBES|TUMBES|MASCULINO|MAYOR DE EDAD (18 AÑOS A MÁS)|2025|FEBRERO|EMITIDO|137|2026-08-05
TUMBES|TUMBES|TUMBES|TUMBES|MASCULINO|MENOR DE EDAD (0 A 17 AÑOS)|2025|FEBRERO|EMITIDO|25|2026-08-05
VENTANILLA|VENTANILLA|CALLAO|CALLAO|FEMENINO|MAYOR DE EDAD (18 AÑOS A MÁS)|2025|FEBRERO|EMITIDO|333|2026-08-05
VENTANILLA|VENTANILLA|CALLAO|CALLAO|FEMENINO|MENOR DE EDAD (0 A 17 AÑOS)|2025|FEBRERO|EMITIDO|71|2026-08-05
VENTANILLA|VENTANILLA|CALLAO|CALLAO|MASCULINO|MAYOR DE EDAD (18 AÑOS A MÁS)|2025|FEBRERO|EMITIDO|268|2026-08-05
VENTANILLA|VENTANILLA|CALLAO|CALLAO|MASCULINO|MENOR DE EDAD (0 A 17 AÑOS)|2025|FEBRERO|EMITIDO|80|2026-08-05
A.I.J.CH.|CALLAO|CALLAO|CALLAO|FEMENINO|MAYOR DE EDAD (18 AÑOS A MÁS)|2025|MARZO|EMITIDO|2398|2026-08-05
A.I.J.CH.|CALLAO|CALLAO|CALLAO|FEMENINO|MENOR DE EDAD (0 A 17 AÑOS)|2025|MARZO|EMITIDO|414|2026-08-05
A.I.J.CH.|CALLAO|CALLAO|CALLAO|MASCULINO|MAYOR DE EDAD (18 AÑOS A MÁS)|2025|MARZO|EMITIDO|2652|2026-08-05
A.I.J.CH.|CALLAO|CALLAO|CALLAO|MASCULINO|MENOR DE EDAD (0 A 17 AÑOS)|2025|MARZO|EMITIDO|419|2026-08-05
CHICLAYO|CHICLAYO|CHICLAYO|LAMBAYEQUE|FEMENINO|MAYOR DE EDAD (18 AÑOS A MÁS)|2025|MARZO|EMITIDO|595|2026-08-05
CHICLAYO|CHICLAYO|CHICLAYO|LAMBAYEQUE|FEMENINO|MENOR DE EDAD (0 A 17 AÑOS)|2025|MARZO|EMITIDO|104|2026-08-05
CHICLAYO|CHICLAYO|CHICLAYO|LAMBAYEQUE|MASCULINO|MAYOR DE EDAD (18 AÑOS A MÁS)|2025|MARZO|EMITIDO|509|2026-08-05
CHICLAYO|CHICLAYO|CHICLAYO|LAMBAYEQUE|MASCULINO|MENOR DE EDAD (0 A 17 AÑOS)|2025|MARZO|EMITIDO|90|2026-08-05
CHIMBOTE|CHIMBOTE|SANTA|ANCASH|FEMENINO|MAYOR DE EDAD (18 AÑOS A MÁS)|2025|MARZO|EMITIDO|299|2026-08-05
CHIMBOTE|CHIMBOTE|SANTA|ANCASH|FEMENINO|MENOR DE EDAD (0 A 17 AÑOS)|2025|MARZO|EMITIDO|59|2026-08-05
CHIMBOTE|CHIMBOTE|SANTA|ANCASH|MASCULINO|MAYOR DE EDAD (18 AÑOS A MÁS)|2025|MARZO|EMITIDO|275|2026-08-05
CHIMBOTE|CHIMBOTE|SANTA|ANCASH|MASCULINO|MENOR DE EDAD (0 A 17 AÑOS)|2025|MARZO|EMITIDO|51|2026-08-05
CUSCO|CUSCO|CUSCO|CUSCO|FEMENINO|MAYOR DE EDAD (18 AÑOS A MÁS)|2025|MARZO|EMITIDO|493|2026-08-05
CUSCO|CUSCO|CUSCO|CUSCO|FEMENINO|MENOR DE EDAD (0 A 17 AÑOS)|2025|MARZO|EMITIDO|80|2026-08-05
CUSCO|CUSCO|CUSCO|CUSCO|MASCULINO|MAYOR DE EDAD (18 AÑOS A MÁS)|2025|MARZO|EMITIDO|401|2026-08-05
CUSCO|CUSCO|CUSCO|CUSCO|MASCULINO|MENOR DE EDAD (0 A 17 AÑOS)|2025|MARZO|EMITIDO|68|2026-08-05
HUANCAYO|HUANCAYO|HUANCAYO|JUNIN|FEMENINO|MAYOR DE EDAD (18 AÑOS A MÁS)|2025|MARZO|EMITIDO|375|2026-08-05
HUANCAYO|HUANCAYO|HUANCAYO|JUNIN|FEMENINO|MENOR DE EDAD (0 A 17 AÑOS)|2025|MARZO|EMITIDO|53|2026-08-05
HUANCAYO|HUANCAYO|HUANCAYO|JUNIN|MASCULINO|MAYOR DE EDAD (18 AÑOS A MÁS)|2025|MARZO|EMITIDO|332|2026-08-05
HUANCAYO|HUANCAYO|HUANCAYO|JUNIN|MASCULINO|MENOR DE EDAD (0 A 17 AÑOS)|2025|MARZO|EMITIDO|54|2026-08-05
LIMA|LIMA|LIMA|LIMA|FEMENINO|MAYOR DE EDAD (18 AÑOS A MÁS)|2025|MARZO|EMITIDO|4786|2026-08-05
LIMA|LIMA|LIMA|LIMA|FEMENINO|MENOR DE EDAD (0 A 17 AÑOS)|2025|MARZO|EMITIDO|953|2026-08-05
LIMA|LIMA|LIMA|LIMA|MASCULINO|MAYOR DE EDAD (18 AÑOS A MÁS)|2025|MARZO|EMITIDO|3727|2026-08-05
LIMA|LIMA|LIMA|LIMA|MASCULINO|MENOR DE EDAD (0 A 17 AÑOS)|2025|MARZO|EMITIDO|913|2026-08-05
LIMA - MIGRACENTRO VILLA MARÍA|VILLA MARIA DEL TRIUNFO|LIMA|LIMA|FEMENINO|MAYOR DE EDAD (18 AÑOS A MÁS)|2025|MARZO|EMITIDO|1193|2026-08-05
LIMA - MIGRACENTRO VILLA MARÍA|VILLA MARIA DEL TRIUNFO|LIMA|LIMA|FEMENINO|MENOR DE EDAD (0 A 17 AÑOS)|2025|MARZO|EMITIDO|224|2026-08-05
LIMA - MIGRACENTRO VILLA MARÍA|VILLA MARIA DEL TRIUNFO|LIMA|LIMA|MASCULINO|MAYOR DE EDAD (18 AÑOS A MÁS)|2025|MARZO|EMITIDO|884|2026-08-05
LIMA - MIGRACENTRO VILLA MARÍA|VILLA MARIA DEL TRIUNFO|LIMA|LIMA|MASCULINO|MENOR DE EDAD (0 A 17 AÑOS)|2025|MARZO|EMITIDO|216|2026-08-05
MAC AREQUIPA PORONGOCHE|PAUCARPATA|AREQUIPA|AREQUIPA|FEMENINO|MAYOR DE EDAD (18 AÑOS A MÁS)|2025|MARZO|EMITIDO|652|2026-08-05
MAC AREQUIPA PORONGOCHE|PAUCARPATA|AREQUIPA|AREQUIPA|FEMENINO|MENOR DE EDAD (0 A 17 AÑOS)|2025|MARZO|EMITIDO|91|2026-08-05
MAC AREQUIPA PORONGOCHE|PAUCARPATA|AREQUIPA|AREQUIPA|MASCULINO|MAYOR DE EDAD (18 AÑOS A MÁS)|2025|MARZO|EMITIDO|591|2026-08-05
MAC AREQUIPA PORONGOCHE|PAUCARPATA|AREQUIPA|AREQUIPA|MASCULINO|MENOR DE EDAD (0 A 17 AÑOS)|2025|MARZO|EMITIDO|115|2026-08-05
MAC CAJAMARCA|CAJAMARCA|CAJAMARCA|CAJAMARCA|FEMENINO|MAYOR DE EDAD (18 AÑOS A MÁS)|2025|MARZO|EMITIDO|179|2026-08-05
MAC CAJAMARCA|CAJAMARCA|CAJAMARCA|CAJAMARCA|FEMENINO|MENOR DE EDAD (0 A 17 AÑOS)|2025|MARZO|EMITIDO|27|2026-08-05
MAC CAJAMARCA|CAJAMARCA|CAJAMARCA|CAJAMARCA|MASCULINO|MAYOR DE EDAD (18 AÑOS A MÁS)|2025|MARZO|EMITIDO|153|2026-08-05
MAC CAJAMARCA|CAJAMARCA|CAJAMARCA|CAJAMARCA|MASCULINO|MENOR DE EDAD (0 A 17 AÑOS)|2025|MARZO|EMITIDO|24|2026-08-05
MAC HUANUCO|HUANUCO|HUANUCO|HUANUCO|FEMENINO|MAYOR DE EDAD (18 AÑOS A MÁS)|2025|MARZO|EMITIDO|140|2026-08-05
MAC HUANUCO|HUANUCO|HUANUCO|HUANUCO|FEMENINO|MENOR DE EDAD (0 A 17 AÑOS)|2025|MARZO|EMITIDO|28|2026-08-05
MAC HUANUCO|HUANUCO|HUANUCO|HUANUCO|MASCULINO|MAYOR DE EDAD (18 AÑOS A MÁS)|2025|MARZO|EMITIDO|121|2026-08-05
MAC HUANUCO|HUANUCO|HUANUCO|HUANUCO|MASCULINO|MENOR DE EDAD (0 A 17 AÑOS)|2025|MARZO|EMITIDO|16|2026-08-05
MAC LIMA ESTE|SANTA ANITA|LIMA|LIMA|FEMENINO|MAYOR DE EDAD (18 AÑOS A MÁS)|2025|MARZO|EMITIDO|1701|2026-08-05
MAC LIMA ESTE|SANTA ANITA|LIMA|LIMA|FEMENINO|MENOR DE EDAD (0 A 17 AÑOS)|2025|MARZO|EMITIDO|343|2026-08-05
MAC LIMA ESTE|SANTA ANITA|LIMA|LIMA|MASCULINO|MAYOR DE EDAD (18 AÑOS A MÁS)|2025|MARZO|EMITIDO|1398|2026-08-05
MAC LIMA ESTE|SANTA ANITA|LIMA|LIMA|MASCULINO|MENOR DE EDAD (0 A 17 AÑOS)|2025|MARZO|EMITIDO|322|2026-08-05
MAC LIMA NORTE|COMAS|LIMA|LIMA|FEMENINO|MAYOR DE EDAD (18 AÑOS A MÁS)|2025|MARZO|EMITIDO|1924|2026-08-05
MAC LIMA NORTE|COMAS|LIMA|LIMA|FEMENINO|MENOR DE EDAD (0 A 17 AÑOS)|2025|MARZO|EMITIDO|398|2026-08-05
MAC LIMA NORTE|COMAS|LIMA|LIMA|MASCULINO|MAYOR DE EDAD (18 AÑOS A MÁS)|2025|MARZO|EMITIDO|1448|2026-08-05
MAC LIMA NORTE|COMAS|LIMA|LIMA|MASCULINO|MENOR DE EDAD (0 A 17 AÑOS)|2025|MARZO|EMITIDO|405|2026-08-05
MAC LORETO|PUNCHANA|MAYNAS|LORETO|FEMENINO|MAYOR DE EDAD (18 AÑOS A MÁS)|2025|MARZO|EMITIDO|179|2026-08-05
MAC LORETO|PUNCHANA|MAYNAS|LORETO|FEMENINO|MENOR DE EDAD (0 A 17 AÑOS)|2025|MARZO|EMITIDO|42|2026-08-05
MAC LORETO|PUNCHANA|MAYNAS|LORETO|MASCULINO|MAYOR DE EDAD (18 AÑOS A MÁS)|2025|MARZO|EMITIDO|137|2026-08-05
MAC LORETO|PUNCHANA|MAYNAS|LORETO|MASCULINO|MENOR DE EDAD (0 A 17 AÑOS)|2025|MARZO|EMITIDO|32|2026-08-05
MAC UCAYALI|YARINACOCHA|CORONEL PORTILLO|UCAYALI|FEMENINO|MAYOR DE EDAD (18 AÑOS A MÁS)|2025|MARZO|EMITIDO|165|2026-08-05
MAC UCAYALI|YARINACOCHA|CORONEL PORTILLO|UCAYALI|FEMENINO|MENOR DE EDAD (0 A 17 AÑOS)|2025|MARZO|EMITIDO|39|2026-08-05
MAC UCAYALI|YARINACOCHA|CORONEL PORTILLO|UCAYALI|MASCULINO|MAYOR DE EDAD (18 AÑOS A MÁS)|2025|MARZO|EMITIDO|152|2026-08-05
MAC UCAYALI|YARINACOCHA|CORONEL PORTILLO|UCAYALI|MASCULINO|MENOR DE EDAD (0 A 17 AÑOS)|2025|MARZO|EMITIDO|36|2026-08-05
MIGRACENTRO REAL PLAZA PRIMAVERA|SAN BORJA|LIMA|LIMA|FEMENINO|MAYOR DE EDAD (18 AÑOS A MÁS)|2025|MARZO|EMITIDO|1446|2026-08-05
MIGRACENTRO REAL PLAZA PRIMAVERA|SAN BORJA|LIMA|LIMA|FEMENINO|MENOR DE EDAD (0 A 17 AÑOS)|2025|MARZO|EMITIDO|288|2026-08-05
MIGRACENTRO REAL PLAZA PRIMAVERA|SAN BORJA|LIMA|LIMA|MASCULINO|MAYOR DE EDAD (18 AÑOS A MÁS)|2025|MARZO|EMITIDO|1008|2026-08-05
MIGRACENTRO REAL PLAZA PRIMAVERA|SAN BORJA|LIMA|LIMA|MASCULINO|MENOR DE EDAD (0 A 17 AÑOS)|2025|MARZO|EMITIDO|293|2026-08-05
PIURA|PIURA|PIURA|PIURA|FEMENINO|MAYOR DE EDAD (18 AÑOS A MÁS)|2025|MARZO|EMITIDO|416|2026-08-05
PIURA|PIURA|PIURA|PIURA|FEMENINO|MENOR DE EDAD (0 A 17 AÑOS)|2025|MARZO|EMITIDO|55|2026-08-05
PIURA|PIURA|PIURA|PIURA|MASCULINO|MAYOR DE EDAD (18 AÑOS A MÁS)|2025|MARZO|EMITIDO|323|2026-08-05
PIURA|PIURA|PIURA|PIURA|MASCULINO|MENOR DE EDAD (0 A 17 AÑOS)|2025|MARZO|EMITIDO|78|2026-08-05
PTO MALDON.|TAMBOPATA|TAMBOPATA|MADRE DE DIOS|FEMENINO|MAYOR DE EDAD (18 AÑOS A MÁS)|2025|MARZO|EMITIDO|78|2026-08-05
PTO MALDON.|TAMBOPATA|TAMBOPATA|MADRE DE DIOS|FEMENINO|MENOR DE EDAD (0 A 17 AÑOS)|2025|MARZO|EMITIDO|18|2026-08-05
PTO MALDON.|TAMBOPATA|TAMBOPATA|MADRE DE DIOS|MASCULINO|MAYOR DE EDAD (18 AÑOS A MÁS)|2025|MARZO|EMITIDO|74|2026-08-05
PTO MALDON.|TAMBOPATA|TAMBOPATA|MADRE DE DIOS|MASCULINO|MENOR DE EDAD (0 A 17 AÑOS)|2025|MARZO|EMITIDO|12|2026-08-05
PUERTO CALLAO|CALLAO|CALLAO|CALLAO|FEMENINO|MAYOR DE EDAD (18 AÑOS A MÁS)|2025|MARZO|EMITIDO|635|2026-08-05
PUERTO CALLAO|CALLAO|CALLAO|CALLAO|FEMENINO|MENOR DE EDAD (0 A 17 AÑOS)|2025|MARZO|EMITIDO|121|2026-08-05
PUERTO CALLAO|CALLAO|CALLAO|CALLAO|MASCULINO|MAYOR DE EDAD (18 AÑOS A MÁS)|2025|MARZO|EMITIDO|503|2026-08-05
PUERTO CALLAO|CALLAO|CALLAO|CALLAO|MASCULINO|MENOR DE EDAD (0 A 17 AÑOS)|2025|MARZO|EMITIDO|102|2026-08-05
PUNO|PUNO|PUNO|PUNO|FEMENINO|MAYOR DE EDAD (18 AÑOS A MÁS)|2025|MARZO|EMITIDO|267|2026-08-05
PUNO|PUNO|PUNO|PUNO|FEMENINO|MENOR DE EDAD (0 A 17 AÑOS)|2025|MARZO|EMITIDO|50|2026-08-05
PUNO|PUNO|PUNO|PUNO|MASCULINO|MAYOR DE EDAD (18 AÑOS A MÁS)|2025|MARZO|EMITIDO|263|2026-08-05
PUNO|PUNO|PUNO|PUNO|MASCULINO|MENOR DE EDAD (0 A 17 AÑOS)|2025|MARZO|EMITIDO|49|2026-08-05
PURUCHUCO|ATE|LIMA|LIMA|FEMENINO|MAYOR DE EDAD (18 AÑOS A MÁS)|2025|MARZO|EMITIDO|1054|2026-08-05
PURUCHUCO|ATE|LIMA|LIMA|FEMENINO|MENOR DE EDAD (0 A 17 AÑOS)|2025|MARZO|EMITIDO|220|2026-08-05
PURUCHUCO|ATE|LIMA|LIMA|MASCULINO|MAYOR DE EDAD (18 AÑOS A MÁS)|2025|MARZO|EMITIDO|837|2026-08-05
PURUCHUCO|ATE|LIMA|LIMA|MASCULINO|MENOR DE EDAD (0 A 17 AÑOS)|2025|MARZO|EMITIDO|243|2026-08-05
SJMIRAFLORES|SAN JUAN DE MIRAFLORES|LIMA|LIMA|FEMENINO|MAYOR DE EDAD (18 AÑOS A MÁS)|2025|MARZO|EMITIDO|1904|2026-08-05
SJMIRAFLORES|SAN JUAN DE MIRAFLORES|LIMA|LIMA|FEMENINO|MENOR DE EDAD (0 A 17 AÑOS)|2025|MARZO|EMITIDO|382|2026-08-05
SJMIRAFLORES|SAN JUAN DE MIRAFLORES|LIMA|LIMA|MASCULINO|MAYOR DE EDAD (18 AÑOS A MÁS)|2025|MARZO|EMITIDO|1360|2026-08-05
SJMIRAFLORES|SAN JUAN DE MIRAFLORES|LIMA|LIMA|MASCULINO|MENOR DE EDAD (0 A 17 AÑOS)|2025|MARZO|EMITIDO|372|2026-08-05
SURCO|SURCO|LIMA|LIMA|FEMENINO|MAYOR DE EDAD (18 AÑOS A MÁS)|2025|MARZO|EMITIDO|661|2026-08-05
SURCO|SURCO|LIMA|LIMA|FEMENINO|MENOR DE EDAD (0 A 17 AÑOS)|2025|MARZO|EMITIDO|124|2026-08-05
SURCO|SURCO|LIMA|LIMA|MASCULINO|MAYOR DE EDAD (18 AÑOS A MÁS)|2025|MARZO|EMITIDO|497|2026-08-05
SURCO|SURCO|LIMA|LIMA|MASCULINO|MENOR DE EDAD (0 A 17 AÑOS)|2025|MARZO|EMITIDO|139|2026-08-05
TACNA|TACNA|TACNA|TACNA|FEMENINO|MAYOR DE EDAD (18 AÑOS A MÁS)|2025|MARZO|EMITIDO|338|2026-08-05
TACNA|TACNA|TACNA|TACNA|FEMENINO|MENOR DE EDAD (0 A 17 AÑOS)|2025|MARZO|EMITIDO|38|2026-08-05
TACNA|TACNA|TACNA|TACNA|MASCULINO|MAYOR DE EDAD (18 AÑOS A MÁS)|2025|MARZO|EMITIDO|312|2026-08-05
TACNA|TACNA|TACNA|TACNA|MASCULINO|MENOR DE EDAD (0 A 17 AÑOS)|2025|MARZO|EMITIDO|48|2026-08-05
TARAPOTO|TARAPOTO|SAN MARTIN|SAN MARTIN|FEMENINO|MAYOR DE EDAD (18 AÑOS A MÁS)|2025|MARZO|EMITIDO|195|2026-08-05
TARAPOTO|TARAPOTO|SAN MARTIN|SAN MARTIN|FEMENINO|MENOR DE EDAD (0 A 17 AÑOS)|2025|MARZO|EMITIDO|45|2026-08-05
TARAPOTO|TARAPOTO|SAN MARTIN|SAN MARTIN|MASCULINO|MAYOR DE EDAD (18 AÑOS A MÁS)|2025|MARZO|EMITIDO|164|2026-08-05
TARAPOTO|TARAPOTO|SAN MARTIN|SAN MARTIN|MASCULINO|MENOR DE EDAD (0 A 17 AÑOS)|2025|MARZO|EMITIDO|45|2026-08-05
TRUJILLO|TRUJILLO|TRUJILLO|LA LIBERTAD|FEMENINO|MAYOR DE EDAD (18 AÑOS A MÁS)|2025|MARZO|EMITIDO|708|2026-08-05
TRUJILLO|TRUJILLO|TRUJILLO|LA LIBERTAD|FEMENINO|MENOR DE EDAD (0 A 17 AÑOS)|2025|MARZO|EMITIDO|119|2026-08-05
TRUJILLO|TRUJILLO|TRUJILLO|LA LIBERTAD|MASCULINO|MAYOR DE EDAD (18 AÑOS A MÁS)|2025|MARZO|EMITIDO|550|2026-08-05
TRUJILLO|TRUJILLO|TRUJILLO|LA LIBERTAD|MASCULINO|MENOR DE EDAD (0 A 17 AÑOS)|2025|MARZO|EMITIDO|129|2026-08-05
TUMBES|TUMBES|TUMBES|TUMBES|FEMENINO|MAYOR DE EDAD (18 AÑOS A MÁS)|2025|MARZO|EMITIDO|80|2026-08-05
TUMBES|TUMBES|TUMBES|TUMBES|FEMENINO|MENOR DE EDAD (0 A 17 AÑOS)|2025|MARZO|EMITIDO|19|2026-08-05
TUMBES|TUMBES|TUMBES|TUMBES|MASCULINO|MAYOR DE EDAD (18 AÑOS A MÁS)|2025|MARZO|EMITIDO|81|2026-08-05
TUMBES|TUMBES|TUMBES|TUMBES|MASCULINO|MENOR DE EDAD (0 A 17 AÑOS)|2025|MARZO|EMITIDO|20|2026-08-05
VENTANILLA|VENTANILLA|CALLAO|CALLAO|FEMENINO|MAYOR DE EDAD (18 AÑOS A MÁS)|2025|MARZO|EMITIDO|307|2026-08-05
VENTANILLA|VENTANILLA|CALLAO|CALLAO|FEMENINO|MENOR DE EDAD (0 A 17 AÑOS)|2025|MARZO|EMITIDO|43|2026-08-05
VENTANILLA|VENTANILLA|CALLAO|CALLAO|MASCULINO|MAYOR DE EDAD (18 AÑOS A MÁS)|2025|MARZO|EMITIDO|224|2026-08-05
VENTANILLA|VENTANILLA|CALLAO|CALLAO|MASCULINO|MENOR DE EDAD (0 A 17 AÑOS)|2025|MARZO|EMITIDO|76|2026-08-05
A.I.J.CH.|CALLAO|CALLAO|CALLAO|FEMENINO|MAYOR DE EDAD (18 AÑOS A MÁS)|2025|ABRIL|EMITIDO|2039|2026-08-05
A.I.J.CH.|CALLAO|CALLAO|CALLAO|FEMENINO|MENOR DE EDAD (0 A 17 AÑOS)|2025|ABRIL|EMITIDO|290|2026-08-05
A.I.J.CH.|CALLAO|CALLAO|CALLAO|MASCULINO|MAYOR DE EDAD (18 AÑOS A MÁS)|2025|ABRIL|EMITIDO|2138|2026-08-05
A.I.J.CH.|CALLAO|CALLAO|CALLAO|MASCULINO|MENOR DE EDAD (0 A 17 AÑOS)|2025|ABRIL|EMITIDO|284|2026-08-05
CHICLAYO|CHICLAYO|CHICLAYO|LAMBAYEQUE|FEMENINO|MAYOR DE EDAD (18 AÑOS A MÁS)|2025|ABRIL|EMITIDO|929|2026-08-05
CHICLAYO|CHICLAYO|CHICLAYO|LAMBAYEQUE|FEMENINO|MENOR DE EDAD (0 A 17 AÑOS)|2025|ABRIL|EMITIDO|150|2026-08-05
CHICLAYO|CHICLAYO|CHICLAYO|LAMBAYEQUE|MASCULINO|MAYOR DE EDAD (18 AÑOS A MÁS)|2025|ABRIL|EMITIDO|792|2026-08-05
CHICLAYO|CHICLAYO|CHICLAYO|LAMBAYEQUE|MASCULINO|MENOR DE EDAD (0 A 17 AÑOS)|2025|ABRIL|EMITIDO|160|2026-08-05
CHIMBOTE|CHIMBOTE|SANTA|ANCASH|FEMENINO|MAYOR DE EDAD (18 AÑOS A MÁS)|2025|ABRIL|EMITIDO|582|2026-08-05
CHIMBOTE|CHIMBOTE|SANTA|ANCASH|FEMENINO|MENOR DE EDAD (0 A 17 AÑOS)|2025|ABRIL|EMITIDO|94|2026-08-05
CHIMBOTE|CHIMBOTE|SANTA|ANCASH|MASCULINO|MAYOR DE EDAD (18 AÑOS A MÁS)|2025|ABRIL|EMITIDO|516|2026-08-05
CHIMBOTE|CHIMBOTE|SANTA|ANCASH|MASCULINO|MENOR DE EDAD (0 A 17 AÑOS)|2025|ABRIL|EMITIDO|77|2026-08-05
CUSCO|CUSCO|CUSCO|CUSCO|FEMENINO|MAYOR DE EDAD (18 AÑOS A MÁS)|2025|ABRIL|EMITIDO|823|2026-08-05
CUSCO|CUSCO|CUSCO|CUSCO|FEMENINO|MENOR DE EDAD (0 A 17 AÑOS)|2025|ABRIL|EMITIDO|90|2026-08-05
CUSCO|CUSCO|CUSCO|CUSCO|MASCULINO|MAYOR DE EDAD (18 AÑOS A MÁS)|2025|ABRIL|EMITIDO|647|2026-08-05
CUSCO|CUSCO|CUSCO|CUSCO|MASCULINO|MENOR DE EDAD (0 A 17 AÑOS)|2025|ABRIL|EMITIDO|103|2026-08-05
HUANCAYO|HUANCAYO|HUANCAYO|JUNIN|FEMENINO|MAYOR DE EDAD (18 AÑOS A MÁS)|2025|ABRIL|EMITIDO|642|2026-08-05
HUANCAYO|HUANCAYO|HUANCAYO|JUNIN|FEMENINO|MENOR DE EDAD (0 A 17 AÑOS)|2025|ABRIL|EMITIDO|100|2026-08-05
HUANCAYO|HUANCAYO|HUANCAYO|JUNIN|MASCULINO|MAYOR DE EDAD (18 AÑOS A MÁS)|2025|ABRIL|EMITIDO|572|2026-08-05
HUANCAYO|HUANCAYO|HUANCAYO|JUNIN|MASCULINO|MENOR DE EDAD (0 A 17 AÑOS)|2025|ABRIL|EMITIDO|99|2026-08-05
LIMA|LIMA|LIMA|LIMA|FEMENINO|MAYOR DE EDAD (18 AÑOS A MÁS)|2025|ABRIL|EMITIDO|6332|2026-08-05
LIMA|LIMA|LIMA|LIMA|FEMENINO|MENOR DE EDAD (0 A 17 AÑOS)|2025|ABRIL|EMITIDO|1108|2026-08-05
LIMA|LIMA|LIMA|LIMA|MASCULINO|MAYOR DE EDAD (18 AÑOS A MÁS)|2025|ABRIL|EMITIDO|4892|2026-08-05
LIMA|LIMA|LIMA|LIMA|MASCULINO|MENOR DE EDAD (0 A 17 AÑOS)|2025|ABRIL|EMITIDO|1133|2026-08-05
LIMA - MIGRACENTRO VILLA MARÍA|VILLA MARIA DEL TRIUNFO|LIMA|LIMA|FEMENINO|MAYOR DE EDAD (18 AÑOS A MÁS)|2025|ABRIL|EMITIDO|2038|2026-08-05
LIMA - MIGRACENTRO VILLA MARÍA|VILLA MARIA DEL TRIUNFO|LIMA|LIMA|FEMENINO|MENOR DE EDAD (0 A 17 AÑOS)|2025|ABRIL|EMITIDO|379|2026-08-05
LIMA - MIGRACENTRO VILLA MARÍA|VILLA MARIA DEL TRIUNFO|LIMA|LIMA|MASCULINO|MAYOR DE EDAD (18 AÑOS A MÁS)|2025|ABRIL|EMITIDO|1747|2026-08-05
LIMA - MIGRACENTRO VILLA MARÍA|VILLA MARIA DEL TRIUNFO|LIMA|LIMA|MASCULINO|MENOR DE EDAD (0 A 17 AÑOS)|2025|ABRIL|EMITIDO|404|2026-08-05
MAC AREQUIPA PORONGOCHE|PAUCARPATA|AREQUIPA|AREQUIPA|FEMENINO|MAYOR DE EDAD (18 AÑOS A MÁS)|2025|ABRIL|EMITIDO|1165|2026-08-05
MAC AREQUIPA PORONGOCHE|PAUCARPATA|AREQUIPA|AREQUIPA|FEMENINO|MENOR DE EDAD (0 A 17 AÑOS)|2025|ABRIL|EMITIDO|217|2026-08-05
MAC AREQUIPA PORONGOCHE|PAUCARPATA|AREQUIPA|AREQUIPA|MASCULINO|MAYOR DE EDAD (18 AÑOS A MÁS)|2025|ABRIL|EMITIDO|915|2026-08-05
MAC AREQUIPA PORONGOCHE|PAUCARPATA|AREQUIPA|AREQUIPA|MASCULINO|MENOR DE EDAD (0 A 17 AÑOS)|2025|ABRIL|EMITIDO|206|2026-08-05
MAC CAJAMARCA|CAJAMARCA|CAJAMARCA|CAJAMARCA|FEMENINO|MAYOR DE EDAD (18 AÑOS A MÁS)|2025|ABRIL|EMITIDO|286|2026-08-05
MAC CAJAMARCA|CAJAMARCA|CAJAMARCA|CAJAMARCA|FEMENINO|MENOR DE EDAD (0 A 17 AÑOS)|2025|ABRIL|EMITIDO|65|2026-08-05
MAC CAJAMARCA|CAJAMARCA|CAJAMARCA|CAJAMARCA|MASCULINO|MAYOR DE EDAD (18 AÑOS A MÁS)|2025|ABRIL|EMITIDO|243|2026-08-05
MAC CAJAMARCA|CAJAMARCA|CAJAMARCA|CAJAMARCA|MASCULINO|MENOR DE EDAD (0 A 17 AÑOS)|2025|ABRIL|EMITIDO|70|2026-08-05
MAC HUANUCO|HUANUCO|HUANUCO|HUANUCO|FEMENINO|MAYOR DE EDAD (18 AÑOS A MÁS)|2025|ABRIL|EMITIDO|258|2026-08-05
MAC HUANUCO|HUANUCO|HUANUCO|HUANUCO|FEMENINO|MENOR DE EDAD (0 A 17 AÑOS)|2025|ABRIL|EMITIDO|41|2026-08-05
MAC HUANUCO|HUANUCO|HUANUCO|HUANUCO|MASCULINO|MAYOR DE EDAD (18 AÑOS A MÁS)|2025|ABRIL|EMITIDO|226|2026-08-05
MAC HUANUCO|HUANUCO|HUANUCO|HUANUCO|MASCULINO|MENOR DE EDAD (0 A 17 AÑOS)|2025|ABRIL|EMITIDO|54|2026-08-05
MAC ICA|SAN ANDRES|PISCO|ICA|FEMENINO|MAYOR DE EDAD (18 AÑOS A MÁS)|2025|ABRIL|EMITIDO|42|2026-08-05
MAC ICA|SAN ANDRES|PISCO|ICA|FEMENINO|MENOR DE EDAD (0 A 17 AÑOS)|2025|ABRIL|EMITIDO|8|2026-08-05
MAC ICA|SAN ANDRES|PISCO|ICA|MASCULINO|MAYOR DE EDAD (18 AÑOS A MÁS)|2025|ABRIL|EMITIDO|38|2026-08-05
MAC ICA|SAN ANDRES|PISCO|ICA|MASCULINO|MENOR DE EDAD (0 A 17 AÑOS)|2025|ABRIL|EMITIDO|5|2026-08-05
MAC LIMA ESTE|SANTA ANITA|LIMA|LIMA|FEMENINO|MAYOR DE EDAD (18 AÑOS A MÁS)|2025|ABRIL|EMITIDO|2498|2026-08-05
MAC LIMA ESTE|SANTA ANITA|LIMA|LIMA|FEMENINO|MENOR DE EDAD (0 A 17 AÑOS)|2025|ABRIL|EMITIDO|527|2026-08-05
MAC LIMA ESTE|SANTA ANITA|LIMA|LIMA|MASCULINO|MAYOR DE EDAD (18 AÑOS A MÁS)|2025|ABRIL|EMITIDO|2120|2026-08-05
MAC LIMA ESTE|SANTA ANITA|LIMA|LIMA|MASCULINO|MENOR DE EDAD (0 A 17 AÑOS)|2025|ABRIL|EMITIDO|538|2026-08-05
MAC LIMA NORTE|COMAS|LIMA|LIMA|FEMENINO|MAYOR DE EDAD (18 AÑOS A MÁS)|2025|ABRIL|EMITIDO|2894|2026-08-05
MAC LIMA NORTE|COMAS|LIMA|LIMA|FEMENINO|MENOR DE EDAD (0 A 17 AÑOS)|2025|ABRIL|EMITIDO|545|2026-08-05
MAC LIMA NORTE|COMAS|LIMA|LIMA|MASCULINO|MAYOR DE EDAD (18 AÑOS A MÁS)|2025|ABRIL|EMITIDO|2279|2026-08-05
MAC LIMA NORTE|COMAS|LIMA|LIMA|MASCULINO|MENOR DE EDAD (0 A 17 AÑOS)|2025|ABRIL|EMITIDO|525|2026-08-05
MAC LORETO|PUNCHANA|MAYNAS|LORETO|FEMENINO|MAYOR DE EDAD (18 AÑOS A MÁS)|2025|ABRIL|EMITIDO|330|2026-08-05
MAC LORETO|PUNCHANA|MAYNAS|LORETO|FEMENINO|MENOR DE EDAD (0 A 17 AÑOS)|2025|ABRIL|EMITIDO|64|2026-08-05
MAC LORETO|PUNCHANA|MAYNAS|LORETO|MASCULINO|MAYOR DE EDAD (18 AÑOS A MÁS)|2025|ABRIL|EMITIDO|282|2026-08-05
MAC LORETO|PUNCHANA|MAYNAS|LORETO|MASCULINO|MENOR DE EDAD (0 A 17 AÑOS)|2025|ABRIL|EMITIDO|56|2026-08-05
MAC UCAYALI|YARINACOCHA|CORONEL PORTILLO|UCAYALI|FEMENINO|MAYOR DE EDAD (18 AÑOS A MÁS)|2025|ABRIL|EMITIDO|281|2026-08-05
MAC UCAYALI|YARINACOCHA|CORONEL PORTILLO|UCAYALI|FEMENINO|MENOR DE EDAD (0 A 17 AÑOS)|2025|ABRIL|EMITIDO|56|2026-08-05
MAC UCAYALI|YARINACOCHA|CORONEL PORTILLO|UCAYALI|MASCULINO|MAYOR DE EDAD (18 AÑOS A MÁS)|2025|ABRIL|EMITIDO|250|2026-08-05
MAC UCAYALI|YARINACOCHA|CORONEL PORTILLO|UCAYALI|MASCULINO|MENOR DE EDAD (0 A 17 AÑOS)|2025|ABRIL|EMITIDO|63|2026-08-05
MIGRACENTRO REAL PLAZA PRIMAVERA|SAN BORJA|LIMA|LIMA|FEMENINO|MAYOR DE EDAD (18 AÑOS A MÁS)|2025|ABRIL|EMITIDO|2124|2026-08-05
MIGRACENTRO REAL PLAZA PRIMAVERA|SAN BORJA|LIMA|LIMA|FEMENINO|MENOR DE EDAD (0 A 17 AÑOS)|2025|ABRIL|EMITIDO|538|2026-08-05
MIGRACENTRO REAL PLAZA PRIMAVERA|SAN BORJA|LIMA|LIMA|MASCULINO|MAYOR DE EDAD (18 AÑOS A MÁS)|2025|ABRIL|EMITIDO|1654|2026-08-05
MIGRACENTRO REAL PLAZA PRIMAVERA|SAN BORJA|LIMA|LIMA|MASCULINO|MENOR DE EDAD (0 A 17 AÑOS)|2025|ABRIL|EMITIDO|557|2026-08-05
PIURA|PIURA|PIURA|PIURA|FEMENINO|MAYOR DE EDAD (18 AÑOS A MÁS)|2025|ABRIL|EMITIDO|914|2026-08-05
PIURA|PIURA|PIURA|PIURA|FEMENINO|MENOR DE EDAD (0 A 17 AÑOS)|2025|ABRIL|EMITIDO|175|2026-08-05
PIURA|PIURA|PIURA|PIURA|MASCULINO|MAYOR DE EDAD (18 AÑOS A MÁS)|2025|ABRIL|EMITIDO|781|2026-08-05
PIURA|PIURA|PIURA|PIURA|MASCULINO|MENOR DE EDAD (0 A 17 AÑOS)|2025|ABRIL|EMITIDO|173|2026-08-05
PTO MALDON.|TAMBOPATA|TAMBOPATA|MADRE DE DIOS|FEMENINO|MAYOR DE EDAD (18 AÑOS A MÁS)|2025|ABRIL|EMITIDO|113|2026-08-05
PTO MALDON.|TAMBOPATA|TAMBOPATA|MADRE DE DIOS|FEMENINO|MENOR DE EDAD (0 A 17 AÑOS)|2025|ABRIL|EMITIDO|23|2026-08-05
PTO MALDON.|TAMBOPATA|TAMBOPATA|MADRE DE DIOS|MASCULINO|MAYOR DE EDAD (18 AÑOS A MÁS)|2025|ABRIL|EMITIDO|148|2026-08-05
PTO MALDON.|TAMBOPATA|TAMBOPATA|MADRE DE DIOS|MASCULINO|MENOR DE EDAD (0 A 17 AÑOS)|2025|ABRIL|EMITIDO|28|2026-08-05
PUERTO CALLAO|CALLAO|CALLAO|CALLAO|FEMENINO|MAYOR DE EDAD (18 AÑOS A MÁS)|2025|ABRIL|EMITIDO|1250|2026-08-05
PUERTO CALLAO|CALLAO|CALLAO|CALLAO|FEMENINO|MENOR DE EDAD (0 A 17 AÑOS)|2025|ABRIL|EMITIDO|229|2026-08-05
PUERTO CALLAO|CALLAO|CALLAO|CALLAO|MASCULINO|MAYOR DE EDAD (18 AÑOS A MÁS)|2025|ABRIL|EMITIDO|1051|2026-08-05
PUERTO CALLAO|CALLAO|CALLAO|CALLAO|MASCULINO|MENOR DE EDAD (0 A 17 AÑOS)|2025|ABRIL|EMITIDO|245|2026-08-05
PUNO|PUNO|PUNO|PUNO|FEMENINO|MAYOR DE EDAD (18 AÑOS A MÁS)|2025|ABRIL|EMITIDO|513|2026-08-05
PUNO|PUNO|PUNO|PUNO|FEMENINO|MENOR DE EDAD (0 A 17 AÑOS)|2025|ABRIL|EMITIDO|89|2026-08-05
PUNO|PUNO|PUNO|PUNO|MASCULINO|MAYOR DE EDAD (18 AÑOS A MÁS)|2025|ABRIL|EMITIDO|510|2026-08-05
PUNO|PUNO|PUNO|PUNO|MASCULINO|MENOR DE EDAD (0 A 17 AÑOS)|2025|ABRIL|EMITIDO|101|2026-08-05
PURUCHUCO|ATE|LIMA|LIMA|FEMENINO|MAYOR DE EDAD (18 AÑOS A MÁS)|2025|ABRIL|EMITIDO|2102|2026-08-05
PURUCHUCO|ATE|LIMA|LIMA|FEMENINO|MENOR DE EDAD (0 A 17 AÑOS)|2025|ABRIL|EMITIDO|442|2026-08-05
PURUCHUCO|ATE|LIMA|LIMA|MASCULINO|MAYOR DE EDAD (18 AÑOS A MÁS)|2025|ABRIL|EMITIDO|1615|2026-08-05
PURUCHUCO|ATE|LIMA|LIMA|MASCULINO|MENOR DE EDAD (0 A 17 AÑOS)|2025|ABRIL|EMITIDO|499|2026-08-05
SJMIRAFLORES|SAN JUAN DE MIRAFLORES|LIMA|LIMA|FEMENINO|MAYOR DE EDAD (18 AÑOS A MÁS)|2025|ABRIL|EMITIDO|2713|2026-08-05
SJMIRAFLORES|SAN JUAN DE MIRAFLORES|LIMA|LIMA|FEMENINO|MENOR DE EDAD (0 A 17 AÑOS)|2025|ABRIL|EMITIDO|634|2026-08-05
SJMIRAFLORES|SAN JUAN DE MIRAFLORES|LIMA|LIMA|MASCULINO|MAYOR DE EDAD (18 AÑOS A MÁS)|2025|ABRIL|EMITIDO|2229|2026-08-05
SJMIRAFLORES|SAN JUAN DE MIRAFLORES|LIMA|LIMA|MASCULINO|MENOR DE EDAD (0 A 17 AÑOS)|2025|ABRIL|EMITIDO|612|2026-08-05
SURCO|SURCO|LIMA|LIMA|FEMENINO|MAYOR DE EDAD (18 AÑOS A MÁS)|2025|ABRIL|EMITIDO|2548|2026-08-05
SURCO|SURCO|LIMA|LIMA|FEMENINO|MENOR DE EDAD (0 A 17 AÑOS)|2025|ABRIL|EMITIDO|577|2026-08-05
SURCO|SURCO|LIMA|LIMA|MASCULINO|MAYOR DE EDAD (18 AÑOS A MÁS)|2025|ABRIL|EMITIDO|1848|2026-08-05
SURCO|SURCO|LIMA|LIMA|MASCULINO|MENOR DE EDAD (0 A 17 AÑOS)|2025|ABRIL|EMITIDO|550|2026-08-05
TACNA|TACNA|TACNA|TACNA|FEMENINO|MAYOR DE EDAD (18 AÑOS A MÁS)|2025|ABRIL|EMITIDO|732|2026-08-05
TACNA|TACNA|TACNA|TACNA|FEMENINO|MENOR DE EDAD (0 A 17 AÑOS)|2025|ABRIL|EMITIDO|135|2026-08-05
TACNA|TACNA|TACNA|TACNA|MASCULINO|MAYOR DE EDAD (18 AÑOS A MÁS)|2025|ABRIL|EMITIDO|691|2026-08-05
TACNA|TACNA|TACNA|TACNA|MASCULINO|MENOR DE EDAD (0 A 17 AÑOS)|2025|ABRIL|EMITIDO|119|2026-08-05
TARAPOTO|TARAPOTO|SAN MARTIN|SAN MARTIN|FEMENINO|MAYOR DE EDAD (18 AÑOS A MÁS)|2025|ABRIL|EMITIDO|401|2026-08-05
TARAPOTO|TARAPOTO|SAN MARTIN|SAN MARTIN|FEMENINO|MENOR DE EDAD (0 A 17 AÑOS)|2025|ABRIL|EMITIDO|74|2026-08-05
TARAPOTO|TARAPOTO|SAN MARTIN|SAN MARTIN|MASCULINO|MAYOR DE EDAD (18 AÑOS A MÁS)|2025|ABRIL|EMITIDO|319|2026-08-05
TARAPOTO|TARAPOTO|SAN MARTIN|SAN MARTIN|MASCULINO|MENOR DE EDAD (0 A 17 AÑOS)|2025|ABRIL|EMITIDO|77|2026-08-05
TRUJILLO|TRUJILLO|TRUJILLO|LA LIBERTAD|FEMENINO|MAYOR DE EDAD (18 AÑOS A MÁS)|2025|ABRIL|EMITIDO|1160|2026-08-05
TRUJILLO|TRUJILLO|TRUJILLO|LA LIBERTAD|FEMENINO|MENOR DE EDAD (0 A 17 AÑOS)|2025|ABRIL|EMITIDO|238|2026-08-05
TRUJILLO|TRUJILLO|TRUJILLO|LA LIBERTAD|MASCULINO|MAYOR DE EDAD (18 AÑOS A MÁS)|2025|ABRIL|EMITIDO|903|2026-08-05
TRUJILLO|TRUJILLO|TRUJILLO|LA LIBERTAD|MASCULINO|MENOR DE EDAD (0 A 17 AÑOS)|2025|ABRIL|EMITIDO|241|2026-08-05
TUMBES|TUMBES|TUMBES|TUMBES|FEMENINO|MAYOR DE EDAD (18 AÑOS A MÁS)|2025|ABRIL|EMITIDO|138|2026-08-05
TUMBES|TUMBES|TUMBES|TUMBES|FEMENINO|MENOR DE EDAD (0 A 17 AÑOS)|2025|ABRIL|EMITIDO|26|2026-08-05
TUMBES|TUMBES|TUMBES|TUMBES|MASCULINO|MAYOR DE EDAD (18 AÑOS A MÁS)|2025|ABRIL|EMITIDO|187|2026-08-05
TUMBES|TUMBES|TUMBES|TUMBES|MASCULINO|MENOR DE EDAD (0 A 17 AÑOS)|2025|ABRIL|EMITIDO|25|2026-08-05
VENTANILLA|VENTANILLA|CALLAO|CALLAO|FEMENINO|MAYOR DE EDAD (18 AÑOS A MÁS)|2025|ABRIL|EMITIDO|649|2026-08-05
VENTANILLA|VENTANILLA|CALLAO|CALLAO|FEMENINO|MENOR DE EDAD (0 A 17 AÑOS)|2025|ABRIL|EMITIDO|134|2026-08-05
VENTANILLA|VENTANILLA|CALLAO|CALLAO|MASCULINO|MAYOR DE EDAD (18 AÑOS A MÁS)|2025|ABRIL|EMITIDO|520|2026-08-05
VENTANILLA|VENTANILLA|CALLAO|CALLAO|MASCULINO|MENOR DE EDAD (0 A 17 AÑOS)|2025|ABRIL|EMITIDO|119|2026-08-05
A.I.J.CH.|CALLAO|CALLAO|CALLAO|FEMENINO|MAYOR DE EDAD (18 AÑOS A MÁS)|2025|MAYO|EMITIDO|1223|2026-08-05
A.I.J.CH.|CALLAO|CALLAO|CALLAO|FEMENINO|MENOR DE EDAD (0 A 17 AÑOS)|2025|MAYO|EMITIDO|264|2026-08-05
A.I.J.CH.|CALLAO|CALLAO|CALLAO|MASCULINO|MAYOR DE EDAD (18 AÑOS A MÁS)|2025|MAYO|EMITIDO|1422|2026-08-05
A.I.J.CH.|CALLAO|CALLAO|CALLAO|MASCULINO|MENOR DE EDAD (0 A 17 AÑOS)|2025|MAYO|EMITIDO|258|2026-08-05
CHICLAYO|CHICLAYO|CHICLAYO|LAMBAYEQUE|FEMENINO|MAYOR DE EDAD (18 AÑOS A MÁS)|2025|MAYO|EMITIDO|1390|2026-08-05
CHICLAYO|CHICLAYO|CHICLAYO|LAMBAYEQUE|FEMENINO|MENOR DE EDAD (0 A 17 AÑOS)|2025|MAYO|EMITIDO|229|2026-08-05
CHICLAYO|CHICLAYO|CHICLAYO|LAMBAYEQUE|MASCULINO|MAYOR DE EDAD (18 AÑOS A MÁS)|2025|MAYO|EMITIDO|1068|2026-08-05
CHICLAYO|CHICLAYO|CHICLAYO|LAMBAYEQUE|MASCULINO|MENOR DE EDAD (0 A 17 AÑOS)|2025|MAYO|EMITIDO|226|2026-08-05
CHIMBOTE|CHIMBOTE|SANTA|ANCASH|FEMENINO|MAYOR DE EDAD (18 AÑOS A MÁS)|2025|MAYO|EMITIDO|779|2026-08-05
CHIMBOTE|CHIMBOTE|SANTA|ANCASH|FEMENINO|MENOR DE EDAD (0 A 17 AÑOS)|2025|MAYO|EMITIDO|143|2026-08-05
CHIMBOTE|CHIMBOTE|SANTA|ANCASH|MASCULINO|MAYOR DE EDAD (18 AÑOS A MÁS)|2025|MAYO|EMITIDO|680|2026-08-05
CHIMBOTE|CHIMBOTE|SANTA|ANCASH|MASCULINO|MENOR DE EDAD (0 A 17 AÑOS)|2025|MAYO|EMITIDO|140|2026-08-05
CUSCO|CUSCO|CUSCO|CUSCO|FEMENINO|MAYOR DE EDAD (18 AÑOS A MÁS)|2025|MAYO|EMITIDO|844|2026-08-05
CUSCO|CUSCO|CUSCO|CUSCO|FEMENINO|MENOR DE EDAD (0 A 17 AÑOS)|2025|MAYO|EMITIDO|146|2026-08-05
CUSCO|CUSCO|CUSCO|CUSCO|MASCULINO|MAYOR DE EDAD (18 AÑOS A MÁS)|2025|MAYO|EMITIDO|696|2026-08-05
CUSCO|CUSCO|CUSCO|CUSCO|MASCULINO|MENOR DE EDAD (0 A 17 AÑOS)|2025|MAYO|EMITIDO|116|2026-08-05
HUANCAYO|HUANCAYO|HUANCAYO|JUNIN|FEMENINO|MAYOR DE EDAD (18 AÑOS A MÁS)|2025|MAYO|EMITIDO|849|2026-08-05
HUANCAYO|HUANCAYO|HUANCAYO|JUNIN|FEMENINO|MENOR DE EDAD (0 A 17 AÑOS)|2025|MAYO|EMITIDO|145|2026-08-05
HUANCAYO|HUANCAYO|HUANCAYO|JUNIN|MASCULINO|MAYOR DE EDAD (18 AÑOS A MÁS)|2025|MAYO|EMITIDO|715|2026-08-05
HUANCAYO|HUANCAYO|HUANCAYO|JUNIN|MASCULINO|MENOR DE EDAD (0 A 17 AÑOS)|2025|MAYO|EMITIDO|145|2026-08-05
LIMA|LIMA|LIMA|LIMA|FEMENINO|MAYOR DE EDAD (18 AÑOS A MÁS)|2025|MAYO|EMITIDO|3296|2026-08-05
LIMA|LIMA|LIMA|LIMA|FEMENINO|MENOR DE EDAD (0 A 17 AÑOS)|2025|MAYO|EMITIDO|672|2026-08-05
LIMA|LIMA|LIMA|LIMA|MASCULINO|MAYOR DE EDAD (18 AÑOS A MÁS)|2025|MAYO|EMITIDO|2456|2026-08-05
LIMA|LIMA|LIMA|LIMA|MASCULINO|MENOR DE EDAD (0 A 17 AÑOS)|2025|MAYO|EMITIDO|679|2026-08-05
LIMA - MIGRACENTRO VILLA MARÍA|VILLA MARIA DEL TRIUNFO|LIMA|LIMA|FEMENINO|MAYOR DE EDAD (18 AÑOS A MÁS)|2025|MAYO|EMITIDO|1029|2026-08-05
LIMA - MIGRACENTRO VILLA MARÍA|VILLA MARIA DEL TRIUNFO|LIMA|LIMA|FEMENINO|MENOR DE EDAD (0 A 17 AÑOS)|2025|MAYO|EMITIDO|229|2026-08-05
LIMA - MIGRACENTRO VILLA MARÍA|VILLA MARIA DEL TRIUNFO|LIMA|LIMA|MASCULINO|MAYOR DE EDAD (18 AÑOS A MÁS)|2025|MAYO|EMITIDO|922|2026-08-05
LIMA - MIGRACENTRO VILLA MARÍA|VILLA MARIA DEL TRIUNFO|LIMA|LIMA|MASCULINO|MENOR DE EDAD (0 A 17 AÑOS)|2025|MAYO|EMITIDO|201|2026-08-05
MAC AREQUIPA PORONGOCHE|PAUCARPATA|AREQUIPA|AREQUIPA|FEMENINO|MAYOR DE EDAD (18 AÑOS A MÁS)|2025|MAYO|EMITIDO|1817|2026-08-05
MAC AREQUIPA PORONGOCHE|PAUCARPATA|AREQUIPA|AREQUIPA|FEMENINO|MENOR DE EDAD (0 A 17 AÑOS)|2025|MAYO|EMITIDO|399|2026-08-05
MAC AREQUIPA PORONGOCHE|PAUCARPATA|AREQUIPA|AREQUIPA|MASCULINO|MAYOR DE EDAD (18 AÑOS A MÁS)|2025|MAYO|EMITIDO|1482|2026-08-05
MAC AREQUIPA PORONGOCHE|PAUCARPATA|AREQUIPA|AREQUIPA|MASCULINO|MENOR DE EDAD (0 A 17 AÑOS)|2025|MAYO|EMITIDO|371|2026-08-05
MAC CAJAMARCA|CAJAMARCA|CAJAMARCA|CAJAMARCA|FEMENINO|MAYOR DE EDAD (18 AÑOS A MÁS)|2025|MAYO|EMITIDO|345|2026-08-05
MAC CAJAMARCA|CAJAMARCA|CAJAMARCA|CAJAMARCA|FEMENINO|MENOR DE EDAD (0 A 17 AÑOS)|2025|MAYO|EMITIDO|63|2026-08-05
MAC CAJAMARCA|CAJAMARCA|CAJAMARCA|CAJAMARCA|MASCULINO|MAYOR DE EDAD (18 AÑOS A MÁS)|2025|MAYO|EMITIDO|302|2026-08-05
MAC CAJAMARCA|CAJAMARCA|CAJAMARCA|CAJAMARCA|MASCULINO|MENOR DE EDAD (0 A 17 AÑOS)|2025|MAYO|EMITIDO|75|2026-08-05
MAC HUANUCO|HUANUCO|HUANUCO|HUANUCO|FEMENINO|MAYOR DE EDAD (18 AÑOS A MÁS)|2025|MAYO|EMITIDO|295|2026-08-05
MAC HUANUCO|HUANUCO|HUANUCO|HUANUCO|FEMENINO|MENOR DE EDAD (0 A 17 AÑOS)|2025|MAYO|EMITIDO|48|2026-08-05
MAC HUANUCO|HUANUCO|HUANUCO|HUANUCO|MASCULINO|MAYOR DE EDAD (18 AÑOS A MÁS)|2025|MAYO|EMITIDO|273|2026-08-05
MAC HUANUCO|HUANUCO|HUANUCO|HUANUCO|MASCULINO|MENOR DE EDAD (0 A 17 AÑOS)|2025|MAYO|EMITIDO|45|2026-08-05
MAC ICA|SAN ANDRES|PISCO|ICA|FEMENINO|MAYOR DE EDAD (18 AÑOS A MÁS)|2025|MAYO|EMITIDO|811|2026-08-05
MAC ICA|SAN ANDRES|PISCO|ICA|FEMENINO|MENOR DE EDAD (0 A 17 AÑOS)|2025|MAYO|EMITIDO|198|2026-08-05
MAC ICA|SAN ANDRES|PISCO|ICA|MASCULINO|MAYOR DE EDAD (18 AÑOS A MÁS)|2025|MAYO|EMITIDO|631|2026-08-05
MAC ICA|SAN ANDRES|PISCO|ICA|MASCULINO|MENOR DE EDAD (0 A 17 AÑOS)|2025|MAYO|EMITIDO|152|2026-08-05
MAC LIMA ESTE|SANTA ANITA|LIMA|LIMA|FEMENINO|MAYOR DE EDAD (18 AÑOS A MÁS)|2025|MAYO|EMITIDO|2331|2026-08-05
MAC LIMA ESTE|SANTA ANITA|LIMA|LIMA|FEMENINO|MENOR DE EDAD (0 A 17 AÑOS)|2025|MAYO|EMITIDO|484|2026-08-05
MAC LIMA ESTE|SANTA ANITA|LIMA|LIMA|MASCULINO|MAYOR DE EDAD (18 AÑOS A MÁS)|2025|MAYO|EMITIDO|2173|2026-08-05
MAC LIMA ESTE|SANTA ANITA|LIMA|LIMA|MASCULINO|MENOR DE EDAD (0 A 17 AÑOS)|2025|MAYO|EMITIDO|473|2026-08-05
MAC LIMA NORTE|COMAS|LIMA|LIMA|FEMENINO|MAYOR DE EDAD (18 AÑOS A MÁS)|2025|MAYO|EMITIDO|4089|2026-08-05
MAC LIMA NORTE|COMAS|LIMA|LIMA|FEMENINO|MENOR DE EDAD (0 A 17 AÑOS)|2025|MAYO|EMITIDO|839|2026-08-05
MAC LIMA NORTE|COMAS|LIMA|LIMA|MASCULINO|MAYOR DE EDAD (18 AÑOS A MÁS)|2025|MAYO|EMITIDO|3236|2026-08-05
MAC LIMA NORTE|COMAS|LIMA|LIMA|MASCULINO|MENOR DE EDAD (0 A 17 AÑOS)|2025|MAYO|EMITIDO|828|2026-08-05
MAC LORETO|PUNCHANA|MAYNAS|LORETO|FEMENINO|MAYOR DE EDAD (18 AÑOS A MÁS)|2025|MAYO|EMITIDO|316|2026-08-05
MAC LORETO|PUNCHANA|MAYNAS|LORETO|FEMENINO|MENOR DE EDAD (0 A 17 AÑOS)|2025|MAYO|EMITIDO|75|2026-08-05
MAC LORETO|PUNCHANA|MAYNAS|LORETO|MASCULINO|MAYOR DE EDAD (18 AÑOS A MÁS)|2025|MAYO|EMITIDO|288|2026-08-05
MAC LORETO|PUNCHANA|MAYNAS|LORETO|MASCULINO|MENOR DE EDAD (0 A 17 AÑOS)|2025|MAYO|EMITIDO|57|2026-08-05
MAC UCAYALI|YARINACOCHA|CORONEL PORTILLO|UCAYALI|FEMENINO|MAYOR DE EDAD (18 AÑOS A MÁS)|2025|MAYO|EMITIDO|316|2026-08-05
MAC UCAYALI|YARINACOCHA|CORONEL PORTILLO|UCAYALI|FEMENINO|MENOR DE EDAD (0 A 17 AÑOS)|2025|MAYO|EMITIDO|80|2026-08-05
MAC UCAYALI|YARINACOCHA|CORONEL PORTILLO|UCAYALI|MASCULINO|MAYOR DE EDAD (18 AÑOS A MÁS)|2025|MAYO|EMITIDO|309|2026-08-05
MAC UCAYALI|YARINACOCHA|CORONEL PORTILLO|UCAYALI|MASCULINO|MENOR DE EDAD (0 A 17 AÑOS)|2025|MAYO|EMITIDO|69|2026-08-05
MIGRACENTRO REAL PLAZA PRIMAVERA|SAN BORJA|LIMA|LIMA|FEMENINO|MAYOR DE EDAD (18 AÑOS A MÁS)|2025|MAYO|EMITIDO|1868|2026-08-05
MIGRACENTRO REAL PLAZA PRIMAVERA|SAN BORJA|LIMA|LIMA|FEMENINO|MENOR DE EDAD (0 A 17 AÑOS)|2025|MAYO|EMITIDO|418|2026-08-05
MIGRACENTRO REAL PLAZA PRIMAVERA|SAN BORJA|LIMA|LIMA|MASCULINO|MAYOR DE EDAD (18 AÑOS A MÁS)|2025|MAYO|EMITIDO|1302|2026-08-05
MIGRACENTRO REAL PLAZA PRIMAVERA|SAN BORJA|LIMA|LIMA|MASCULINO|MENOR DE EDAD (0 A 17 AÑOS)|2025|MAYO|EMITIDO|434|2026-08-05
PIURA|PIURA|PIURA|PIURA|FEMENINO|MAYOR DE EDAD (18 AÑOS A MÁS)|2025|MAYO|EMITIDO|1195|2026-08-05
PIURA|PIURA|PIURA|PIURA|FEMENINO|MENOR DE EDAD (0 A 17 AÑOS)|2025|MAYO|EMITIDO|235|2026-08-05
PIURA|PIURA|PIURA|PIURA|MASCULINO|MAYOR DE EDAD (18 AÑOS A MÁS)|2025|MAYO|EMITIDO|974|2026-08-05
PIURA|PIURA|PIURA|PIURA|MASCULINO|MENOR DE EDAD (0 A 17 AÑOS)|2025|MAYO|EMITIDO|266|2026-08-05
PTO MALDON.|TAMBOPATA|TAMBOPATA|MADRE DE DIOS|FEMENINO|MAYOR DE EDAD (18 AÑOS A MÁS)|2025|MAYO|EMITIDO|98|2026-08-05
PTO MALDON.|TAMBOPATA|TAMBOPATA|MADRE DE DIOS|FEMENINO|MENOR DE EDAD (0 A 17 AÑOS)|2025|MAYO|EMITIDO|28|2026-08-05
PTO MALDON.|TAMBOPATA|TAMBOPATA|MADRE DE DIOS|MASCULINO|MAYOR DE EDAD (18 AÑOS A MÁS)|2025|MAYO|EMITIDO|110|2026-08-05
PTO MALDON.|TAMBOPATA|TAMBOPATA|MADRE DE DIOS|MASCULINO|MENOR DE EDAD (0 A 17 AÑOS)|2025|MAYO|EMITIDO|24|2026-08-05
PUERTO CALLAO|CALLAO|CALLAO|CALLAO|FEMENINO|MAYOR DE EDAD (18 AÑOS A MÁS)|2025|MAYO|EMITIDO|2898|2026-08-05
PUERTO CALLAO|CALLAO|CALLAO|CALLAO|FEMENINO|MENOR DE EDAD (0 A 17 AÑOS)|2025|MAYO|EMITIDO|640|2026-08-05
PUERTO CALLAO|CALLAO|CALLAO|CALLAO|MASCULINO|MAYOR DE EDAD (18 AÑOS A MÁS)|2025|MAYO|EMITIDO|2228|2026-08-05
PUERTO CALLAO|CALLAO|CALLAO|CALLAO|MASCULINO|MENOR DE EDAD (0 A 17 AÑOS)|2025|MAYO|EMITIDO|567|2026-08-05
PUNO|PUNO|PUNO|PUNO|FEMENINO|MAYOR DE EDAD (18 AÑOS A MÁS)|2025|MAYO|EMITIDO|416|2026-08-05
PUNO|PUNO|PUNO|PUNO|FEMENINO|MENOR DE EDAD (0 A 17 AÑOS)|2025|MAYO|EMITIDO|86|2026-08-05
PUNO|PUNO|PUNO|PUNO|MASCULINO|MAYOR DE EDAD (18 AÑOS A MÁS)|2025|MAYO|EMITIDO|410|2026-08-05
PUNO|PUNO|PUNO|PUNO|MASCULINO|MENOR DE EDAD (0 A 17 AÑOS)|2025|MAYO|EMITIDO|102|2026-08-05
PURUCHUCO|ATE|LIMA|LIMA|FEMENINO|MAYOR DE EDAD (18 AÑOS A MÁS)|2025|MAYO|EMITIDO|1498|2026-08-05
PURUCHUCO|ATE|LIMA|LIMA|FEMENINO|MENOR DE EDAD (0 A 17 AÑOS)|2025|MAYO|EMITIDO|341|2026-08-05
PURUCHUCO|ATE|LIMA|LIMA|MASCULINO|MAYOR DE EDAD (18 AÑOS A MÁS)|2025|MAYO|EMITIDO|1223|2026-08-05
PURUCHUCO|ATE|LIMA|LIMA|MASCULINO|MENOR DE EDAD (0 A 17 AÑOS)|2025|MAYO|EMITIDO|327|2026-08-05
SJMIRAFLORES|SAN JUAN DE MIRAFLORES|LIMA|LIMA|FEMENINO|MAYOR DE EDAD (18 AÑOS A MÁS)|2025|MAYO|EMITIDO|3144|2026-08-05
SJMIRAFLORES|SAN JUAN DE MIRAFLORES|LIMA|LIMA|FEMENINO|MENOR DE EDAD (0 A 17 AÑOS)|2025|MAYO|EMITIDO|679|2026-08-05
SJMIRAFLORES|SAN JUAN DE MIRAFLORES|LIMA|LIMA|MASCULINO|MAYOR DE EDAD (18 AÑOS A MÁS)|2025|MAYO|EMITIDO|2487|2026-08-05
SJMIRAFLORES|SAN JUAN DE MIRAFLORES|LIMA|LIMA|MASCULINO|MENOR DE EDAD (0 A 17 AÑOS)|2025|MAYO|EMITIDO|712|2026-08-05
SURCO|SURCO|LIMA|LIMA|FEMENINO|MAYOR DE EDAD (18 AÑOS A MÁS)|2025|MAYO|EMITIDO|6886|2026-08-05
SURCO|SURCO|LIMA|LIMA|FEMENINO|MENOR DE EDAD (0 A 17 AÑOS)|2025|MAYO|EMITIDO|1708|2026-08-05
SURCO|SURCO|LIMA|LIMA|MASCULINO|MAYOR DE EDAD (18 AÑOS A MÁS)|2025|MAYO|EMITIDO|5398|2026-08-05
SURCO|SURCO|LIMA|LIMA|MASCULINO|MENOR DE EDAD (0 A 17 AÑOS)|2025|MAYO|EMITIDO|1728|2026-08-05
TACNA|TACNA|TACNA|TACNA|FEMENINO|MAYOR DE EDAD (18 AÑOS A MÁS)|2025|MAYO|EMITIDO|684|2026-08-05
TACNA|TACNA|TACNA|TACNA|FEMENINO|MENOR DE EDAD (0 A 17 AÑOS)|2025|MAYO|EMITIDO|131|2026-08-05
TACNA|TACNA|TACNA|TACNA|MASCULINO|MAYOR DE EDAD (18 AÑOS A MÁS)|2025|MAYO|EMITIDO|653|2026-08-05
TACNA|TACNA|TACNA|TACNA|MASCULINO|MENOR DE EDAD (0 A 17 AÑOS)|2025|MAYO|EMITIDO|125|2026-08-05
TARAPOTO|TARAPOTO|SAN MARTIN|SAN MARTIN|FEMENINO|MAYOR DE EDAD (18 AÑOS A MÁS)|2025|MAYO|EMITIDO|519|2026-08-05
TARAPOTO|TARAPOTO|SAN MARTIN|SAN MARTIN|FEMENINO|MENOR DE EDAD (0 A 17 AÑOS)|2025|MAYO|EMITIDO|116|2026-08-05
TARAPOTO|TARAPOTO|SAN MARTIN|SAN MARTIN|MASCULINO|MAYOR DE EDAD (18 AÑOS A MÁS)|2025|MAYO|EMITIDO|457|2026-08-05
TARAPOTO|TARAPOTO|SAN MARTIN|SAN MARTIN|MASCULINO|MENOR DE EDAD (0 A 17 AÑOS)|2025|MAYO|EMITIDO|100|2026-08-05
TRUJILLO|TRUJILLO|TRUJILLO|LA LIBERTAD|FEMENINO|MAYOR DE EDAD (18 AÑOS A MÁS)|2025|MAYO|EMITIDO|1449|2026-08-05
TRUJILLO|TRUJILLO|TRUJILLO|LA LIBERTAD|FEMENINO|MENOR DE EDAD (0 A 17 AÑOS)|2025|MAYO|EMITIDO|293|2026-08-05
TRUJILLO|TRUJILLO|TRUJILLO|LA LIBERTAD|MASCULINO|MAYOR DE EDAD (18 AÑOS A MÁS)|2025|MAYO|EMITIDO|1166|2026-08-05
TRUJILLO|TRUJILLO|TRUJILLO|LA LIBERTAD|MASCULINO|MENOR DE EDAD (0 A 17 AÑOS)|2025|MAYO|EMITIDO|277|2026-08-05
TUMBES|TUMBES|TUMBES|TUMBES|FEMENINO|MAYOR DE EDAD (18 AÑOS A MÁS)|2025|MAYO|EMITIDO|160|2026-08-05
TUMBES|TUMBES|TUMBES|TUMBES|FEMENINO|MENOR DE EDAD (0 A 17 AÑOS)|2025|MAYO|EMITIDO|35|2026-08-05
TUMBES|TUMBES|TUMBES|TUMBES|MASCULINO|MAYOR DE EDAD (18 AÑOS A MÁS)|2025|MAYO|EMITIDO|156|2026-08-05
TUMBES|TUMBES|TUMBES|TUMBES|MASCULINO|MENOR DE EDAD (0 A 17 AÑOS)|2025|MAYO|EMITIDO|42|2026-08-05
VENTANILLA|VENTANILLA|CALLAO|CALLAO|FEMENINO|MAYOR DE EDAD (18 AÑOS A MÁS)|2025|MAYO|EMITIDO|876|2026-08-05
VENTANILLA|VENTANILLA|CALLAO|CALLAO|FEMENINO|MENOR DE EDAD (0 A 17 AÑOS)|2025|MAYO|EMITIDO|199|2026-08-05
VENTANILLA|VENTANILLA|CALLAO|CALLAO|MASCULINO|MAYOR DE EDAD (18 AÑOS A MÁS)|2025|MAYO|EMITIDO|826|2026-08-05
VENTANILLA|VENTANILLA|CALLAO|CALLAO|MASCULINO|MENOR DE EDAD (0 A 17 AÑOS)|2025|MAYO|EMITIDO|205|2026-08-05
A.I.J.CH.|CALLAO|CALLAO|CALLAO|FEMENINO|MAYOR DE EDAD (18 AÑOS A MÁS)|2025|JUNIO|EMITIDO|402|2026-08-05
A.I.J.CH.|CALLAO|CALLAO|CALLAO|FEMENINO|MENOR DE EDAD (0 A 17 AÑOS)|2025|JUNIO|EMITIDO|58|2026-08-05
A.I.J.CH.|CALLAO|CALLAO|CALLAO|MASCULINO|MAYOR DE EDAD (18 AÑOS A MÁS)|2025|JUNIO|EMITIDO|544|2026-08-05
A.I.J.CH.|CALLAO|CALLAO|CALLAO|MASCULINO|MENOR DE EDAD (0 A 17 AÑOS)|2025|JUNIO|EMITIDO|56|2026-08-05
CHICLAYO|CHICLAYO|CHICLAYO|LAMBAYEQUE|FEMENINO|MAYOR DE EDAD (18 AÑOS A MÁS)|2025|JUNIO|EMITIDO|1230|2026-08-05
CHICLAYO|CHICLAYO|CHICLAYO|LAMBAYEQUE|FEMENINO|MENOR DE EDAD (0 A 17 AÑOS)|2025|JUNIO|EMITIDO|220|2026-08-05
CHICLAYO|CHICLAYO|CHICLAYO|LAMBAYEQUE|MASCULINO|MAYOR DE EDAD (18 AÑOS A MÁS)|2025|JUNIO|EMITIDO|1038|2026-08-05
CHICLAYO|CHICLAYO|CHICLAYO|LAMBAYEQUE|MASCULINO|MENOR DE EDAD (0 A 17 AÑOS)|2025|JUNIO|EMITIDO|210|2026-08-05
CHIMBOTE|CHIMBOTE|SANTA|ANCASH|FEMENINO|MAYOR DE EDAD (18 AÑOS A MÁS)|2025|JUNIO|EMITIDO|524|2026-08-05
CHIMBOTE|CHIMBOTE|SANTA|ANCASH|FEMENINO|MENOR DE EDAD (0 A 17 AÑOS)|2025|JUNIO|EMITIDO|88|2026-08-05
CHIMBOTE|CHIMBOTE|SANTA|ANCASH|MASCULINO|MAYOR DE EDAD (18 AÑOS A MÁS)|2025|JUNIO|EMITIDO|427|2026-08-05
CHIMBOTE|CHIMBOTE|SANTA|ANCASH|MASCULINO|MENOR DE EDAD (0 A 17 AÑOS)|2025|JUNIO|EMITIDO|106|2026-08-05
CUSCO|CUSCO|CUSCO|CUSCO|FEMENINO|MAYOR DE EDAD (18 AÑOS A MÁS)|2025|JUNIO|EMITIDO|723|2026-08-05
CUSCO|CUSCO|CUSCO|CUSCO|FEMENINO|MENOR DE EDAD (0 A 17 AÑOS)|2025|JUNIO|EMITIDO|151|2026-08-05
CUSCO|CUSCO|CUSCO|CUSCO|MASCULINO|MAYOR DE EDAD (18 AÑOS A MÁS)|2025|JUNIO|EMITIDO|612|2026-08-05
CUSCO|CUSCO|CUSCO|CUSCO|MASCULINO|MENOR DE EDAD (0 A 17 AÑOS)|2025|JUNIO|EMITIDO|123|2026-08-05
HUANCAYO|HUANCAYO|HUANCAYO|JUNIN|FEMENINO|MAYOR DE EDAD (18 AÑOS A MÁS)|2025|JUNIO|EMITIDO|808|2026-08-05
HUANCAYO|HUANCAYO|HUANCAYO|JUNIN|FEMENINO|MENOR DE EDAD (0 A 17 AÑOS)|2025|JUNIO|EMITIDO|144|2026-08-05
HUANCAYO|HUANCAYO|HUANCAYO|JUNIN|MASCULINO|MAYOR DE EDAD (18 AÑOS A MÁS)|2025|JUNIO|EMITIDO|683|2026-08-05
HUANCAYO|HUANCAYO|HUANCAYO|JUNIN|MASCULINO|MENOR DE EDAD (0 A 17 AÑOS)|2025|JUNIO|EMITIDO|150|2026-08-05
LIMA|LIMA|LIMA|LIMA|FEMENINO|MAYOR DE EDAD (18 AÑOS A MÁS)|2025|JUNIO|EMITIDO|1011|2026-08-05
LIMA|LIMA|LIMA|LIMA|FEMENINO|MENOR DE EDAD (0 A 17 AÑOS)|2025|JUNIO|EMITIDO|155|2026-08-05
LIMA|LIMA|LIMA|LIMA|MASCULINO|MAYOR DE EDAD (18 AÑOS A MÁS)|2025|JUNIO|EMITIDO|814|2026-08-05
LIMA|LIMA|LIMA|LIMA|MASCULINO|MENOR DE EDAD (0 A 17 AÑOS)|2025|JUNIO|EMITIDO|162|2026-08-05
LIMA - MIGRACENTRO VILLA MARÍA|VILLA MARIA DEL TRIUNFO|LIMA|LIMA|FEMENINO|MAYOR DE EDAD (18 AÑOS A MÁS)|2025|JUNIO|EMITIDO|599|2026-08-05
LIMA - MIGRACENTRO VILLA MARÍA|VILLA MARIA DEL TRIUNFO|LIMA|LIMA|FEMENINO|MENOR DE EDAD (0 A 17 AÑOS)|2025|JUNIO|EMITIDO|142|2026-08-05
LIMA - MIGRACENTRO VILLA MARÍA|VILLA MARIA DEL TRIUNFO|LIMA|LIMA|MASCULINO|MAYOR DE EDAD (18 AÑOS A MÁS)|2025|JUNIO|EMITIDO|513|2026-08-05
LIMA - MIGRACENTRO VILLA MARÍA|VILLA MARIA DEL TRIUNFO|LIMA|LIMA|MASCULINO|MENOR DE EDAD (0 A 17 AÑOS)|2025|JUNIO|EMITIDO|101|2026-08-05
MAC AREQUIPA PORONGOCHE|PAUCARPATA|AREQUIPA|AREQUIPA|FEMENINO|MAYOR DE EDAD (18 AÑOS A MÁS)|2025|JUNIO|EMITIDO|2350|2026-08-05
MAC AREQUIPA PORONGOCHE|PAUCARPATA|AREQUIPA|AREQUIPA|FEMENINO|MENOR DE EDAD (0 A 17 AÑOS)|2025|JUNIO|EMITIDO|495|2026-08-05
MAC AREQUIPA PORONGOCHE|PAUCARPATA|AREQUIPA|AREQUIPA|MASCULINO|MAYOR DE EDAD (18 AÑOS A MÁS)|2025|JUNIO|EMITIDO|1765|2026-08-05
MAC AREQUIPA PORONGOCHE|PAUCARPATA|AREQUIPA|AREQUIPA|MASCULINO|MENOR DE EDAD (0 A 17 AÑOS)|2025|JUNIO|EMITIDO|459|2026-08-05
MAC CAJAMARCA|CAJAMARCA|CAJAMARCA|CAJAMARCA|FEMENINO|MAYOR DE EDAD (18 AÑOS A MÁS)|2025|JUNIO|EMITIDO|233|2026-08-05
MAC CAJAMARCA|CAJAMARCA|CAJAMARCA|CAJAMARCA|FEMENINO|MENOR DE EDAD (0 A 17 AÑOS)|2025|JUNIO|EMITIDO|74|2026-08-05
MAC CAJAMARCA|CAJAMARCA|CAJAMARCA|CAJAMARCA|MASCULINO|MAYOR DE EDAD (18 AÑOS A MÁS)|2025|JUNIO|EMITIDO|224|2026-08-05
MAC CAJAMARCA|CAJAMARCA|CAJAMARCA|CAJAMARCA|MASCULINO|MENOR DE EDAD (0 A 17 AÑOS)|2025|JUNIO|EMITIDO|53|2026-08-05
MAC HUANUCO|HUANUCO|HUANUCO|HUANUCO|FEMENINO|MAYOR DE EDAD (18 AÑOS A MÁS)|2025|JUNIO|EMITIDO|198|2026-08-05
MAC HUANUCO|HUANUCO|HUANUCO|HUANUCO|FEMENINO|MENOR DE EDAD (0 A 17 AÑOS)|2025|JUNIO|EMITIDO|40|2026-08-05
MAC HUANUCO|HUANUCO|HUANUCO|HUANUCO|MASCULINO|MAYOR DE EDAD (18 AÑOS A MÁS)|2025|JUNIO|EMITIDO|181|2026-08-05
MAC HUANUCO|HUANUCO|HUANUCO|HUANUCO|MASCULINO|MENOR DE EDAD (0 A 17 AÑOS)|2025|JUNIO|EMITIDO|45|2026-08-05
MAC ICA|SAN ANDRES|PISCO|ICA|FEMENINO|MAYOR DE EDAD (18 AÑOS A MÁS)|2025|JUNIO|EMITIDO|747|2026-08-05
MAC ICA|SAN ANDRES|PISCO|ICA|FEMENINO|MENOR DE EDAD (0 A 17 AÑOS)|2025|JUNIO|EMITIDO|161|2026-08-05
MAC ICA|SAN ANDRES|PISCO|ICA|MASCULINO|MAYOR DE EDAD (18 AÑOS A MÁS)|2025|JUNIO|EMITIDO|631|2026-08-05
MAC ICA|SAN ANDRES|PISCO|ICA|MASCULINO|MENOR DE EDAD (0 A 17 AÑOS)|2025|JUNIO|EMITIDO|162|2026-08-05
MAC LIMA ESTE|SANTA ANITA|LIMA|LIMA|FEMENINO|MAYOR DE EDAD (18 AÑOS A MÁS)|2025|JUNIO|EMITIDO|1096|2026-08-05
MAC LIMA ESTE|SANTA ANITA|LIMA|LIMA|FEMENINO|MENOR DE EDAD (0 A 17 AÑOS)|2025|JUNIO|EMITIDO|224|2026-08-05
MAC LIMA ESTE|SANTA ANITA|LIMA|LIMA|MASCULINO|MAYOR DE EDAD (18 AÑOS A MÁS)|2025|JUNIO|EMITIDO|1058|2026-08-05
MAC LIMA ESTE|SANTA ANITA|LIMA|LIMA|MASCULINO|MENOR DE EDAD (0 A 17 AÑOS)|2025|JUNIO|EMITIDO|231|2026-08-05
MAC LIMA NORTE|COMAS|LIMA|LIMA|FEMENINO|MAYOR DE EDAD (18 AÑOS A MÁS)|2025|JUNIO|EMITIDO|3840|2026-08-05
MAC LIMA NORTE|COMAS|LIMA|LIMA|FEMENINO|MENOR DE EDAD (0 A 17 AÑOS)|2025|JUNIO|EMITIDO|731|2026-08-05
MAC LIMA NORTE|COMAS|LIMA|LIMA|MASCULINO|MAYOR DE EDAD (18 AÑOS A MÁS)|2025|JUNIO|EMITIDO|3269|2026-08-05
MAC LIMA NORTE|COMAS|LIMA|LIMA|MASCULINO|MENOR DE EDAD (0 A 17 AÑOS)|2025|JUNIO|EMITIDO|808|2026-08-05
MAC LORETO|PUNCHANA|MAYNAS|LORETO|FEMENINO|MAYOR DE EDAD (18 AÑOS A MÁS)|2025|JUNIO|EMITIDO|234|2026-08-05
MAC LORETO|PUNCHANA|MAYNAS|LORETO|FEMENINO|MENOR DE EDAD (0 A 17 AÑOS)|2025|JUNIO|EMITIDO|40|2026-08-05
MAC LORETO|PUNCHANA|MAYNAS|LORETO|MASCULINO|MAYOR DE EDAD (18 AÑOS A MÁS)|2025|JUNIO|EMITIDO|203|2026-08-05
MAC LORETO|PUNCHANA|MAYNAS|LORETO|MASCULINO|MENOR DE EDAD (0 A 17 AÑOS)|2025|JUNIO|EMITIDO|39|2026-08-05
MAC UCAYALI|YARINACOCHA|CORONEL PORTILLO|UCAYALI|FEMENINO|MAYOR DE EDAD (18 AÑOS A MÁS)|2025|JUNIO|EMITIDO|239|2026-08-05
MAC UCAYALI|YARINACOCHA|CORONEL PORTILLO|UCAYALI|FEMENINO|MENOR DE EDAD (0 A 17 AÑOS)|2025|JUNIO|EMITIDO|56|2026-08-05
MAC UCAYALI|YARINACOCHA|CORONEL PORTILLO|UCAYALI|MASCULINO|MAYOR DE EDAD (18 AÑOS A MÁS)|2025|JUNIO|EMITIDO|222|2026-08-05
MAC UCAYALI|YARINACOCHA|CORONEL PORTILLO|UCAYALI|MASCULINO|MENOR DE EDAD (0 A 17 AÑOS)|2025|JUNIO|EMITIDO|50|2026-08-05
MIGRACENTRO REAL PLAZA PRIMAVERA|SAN BORJA|LIMA|LIMA|FEMENINO|MAYOR DE EDAD (18 AÑOS A MÁS)|2025|JUNIO|EMITIDO|1727|2026-08-05
MIGRACENTRO REAL PLAZA PRIMAVERA|SAN BORJA|LIMA|LIMA|FEMENINO|MENOR DE EDAD (0 A 17 AÑOS)|2025|JUNIO|EMITIDO|389|2026-08-05
MIGRACENTRO REAL PLAZA PRIMAVERA|SAN BORJA|LIMA|LIMA|MASCULINO|MAYOR DE EDAD (18 AÑOS A MÁS)|2025|JUNIO|EMITIDO|1289|2026-08-05
MIGRACENTRO REAL PLAZA PRIMAVERA|SAN BORJA|LIMA|LIMA|MASCULINO|MENOR DE EDAD (0 A 17 AÑOS)|2025|JUNIO|EMITIDO|382|2026-08-05
PIURA|PIURA|PIURA|PIURA|FEMENINO|MAYOR DE EDAD (18 AÑOS A MÁS)|2025|JUNIO|EMITIDO|734|2026-08-05
PIURA|PIURA|PIURA|PIURA|FEMENINO|MENOR DE EDAD (0 A 17 AÑOS)|2025|JUNIO|EMITIDO|136|2026-08-05
PIURA|PIURA|PIURA|PIURA|MASCULINO|MAYOR DE EDAD (18 AÑOS A MÁS)|2025|JUNIO|EMITIDO|686|2026-08-05
PIURA|PIURA|PIURA|PIURA|MASCULINO|MENOR DE EDAD (0 A 17 AÑOS)|2025|JUNIO|EMITIDO|161|2026-08-05
PTO MALDON.|TAMBOPATA|TAMBOPATA|MADRE DE DIOS|FEMENINO|MAYOR DE EDAD (18 AÑOS A MÁS)|2025|JUNIO|EMITIDO|80|2026-08-05
PTO MALDON.|TAMBOPATA|TAMBOPATA|MADRE DE DIOS|FEMENINO|MENOR DE EDAD (0 A 17 AÑOS)|2025|JUNIO|EMITIDO|15|2026-08-05
PTO MALDON.|TAMBOPATA|TAMBOPATA|MADRE DE DIOS|MASCULINO|MAYOR DE EDAD (18 AÑOS A MÁS)|2025|JUNIO|EMITIDO|79|2026-08-05
PTO MALDON.|TAMBOPATA|TAMBOPATA|MADRE DE DIOS|MASCULINO|MENOR DE EDAD (0 A 17 AÑOS)|2025|JUNIO|EMITIDO|5|2026-08-05
PUERTO CALLAO|CALLAO|CALLAO|CALLAO|FEMENINO|MAYOR DE EDAD (18 AÑOS A MÁS)|2025|JUNIO|EMITIDO|2827|2026-08-05
PUERTO CALLAO|CALLAO|CALLAO|CALLAO|FEMENINO|MENOR DE EDAD (0 A 17 AÑOS)|2025|JUNIO|EMITIDO|614|2026-08-05
PUERTO CALLAO|CALLAO|CALLAO|CALLAO|MASCULINO|MAYOR DE EDAD (18 AÑOS A MÁS)|2025|JUNIO|EMITIDO|2202|2026-08-05
PUERTO CALLAO|CALLAO|CALLAO|CALLAO|MASCULINO|MENOR DE EDAD (0 A 17 AÑOS)|2025|JUNIO|EMITIDO|622|2026-08-05
PUNO|PUNO|PUNO|PUNO|FEMENINO|MAYOR DE EDAD (18 AÑOS A MÁS)|2025|JUNIO|EMITIDO|256|2026-08-05
PUNO|PUNO|PUNO|PUNO|FEMENINO|MENOR DE EDAD (0 A 17 AÑOS)|2025|JUNIO|EMITIDO|63|2026-08-05
PUNO|PUNO|PUNO|PUNO|MASCULINO|MAYOR DE EDAD (18 AÑOS A MÁS)|2025|JUNIO|EMITIDO|264|2026-08-05
PUNO|PUNO|PUNO|PUNO|MASCULINO|MENOR DE EDAD (0 A 17 AÑOS)|2025|JUNIO|EMITIDO|78|2026-08-05
PURUCHUCO|ATE|LIMA|LIMA|FEMENINO|MAYOR DE EDAD (18 AÑOS A MÁS)|2025|JUNIO|EMITIDO|924|2026-08-05
PURUCHUCO|ATE|LIMA|LIMA|FEMENINO|MENOR DE EDAD (0 A 17 AÑOS)|2025|JUNIO|EMITIDO|227|2026-08-05
PURUCHUCO|ATE|LIMA|LIMA|MASCULINO|MAYOR DE EDAD (18 AÑOS A MÁS)|2025|JUNIO|EMITIDO|822|2026-08-05
PURUCHUCO|ATE|LIMA|LIMA|MASCULINO|MENOR DE EDAD (0 A 17 AÑOS)|2025|JUNIO|EMITIDO|235|2026-08-05
SJMIRAFLORES|SAN JUAN DE MIRAFLORES|LIMA|LIMA|FEMENINO|MAYOR DE EDAD (18 AÑOS A MÁS)|2025|JUNIO|EMITIDO|1725|2026-08-05
SJMIRAFLORES|SAN JUAN DE MIRAFLORES|LIMA|LIMA|FEMENINO|MENOR DE EDAD (0 A 17 AÑOS)|2025|JUNIO|EMITIDO|386|2026-08-05
SJMIRAFLORES|SAN JUAN DE MIRAFLORES|LIMA|LIMA|MASCULINO|MAYOR DE EDAD (18 AÑOS A MÁS)|2025|JUNIO|EMITIDO|1590|2026-08-05
SJMIRAFLORES|SAN JUAN DE MIRAFLORES|LIMA|LIMA|MASCULINO|MENOR DE EDAD (0 A 17 AÑOS)|2025|JUNIO|EMITIDO|381|2026-08-05
SURCO|SURCO|LIMA|LIMA|FEMENINO|MAYOR DE EDAD (18 AÑOS A MÁS)|2025|JUNIO|EMITIDO|7612|2026-08-05
SURCO|SURCO|LIMA|LIMA|FEMENINO|MENOR DE EDAD (0 A 17 AÑOS)|2025|JUNIO|EMITIDO|1755|2026-08-05
SURCO|SURCO|LIMA|LIMA|MASCULINO|MAYOR DE EDAD (18 AÑOS A MÁS)|2025|JUNIO|EMITIDO|5946|2026-08-05
SURCO|SURCO|LIMA|LIMA|MASCULINO|MENOR DE EDAD (0 A 17 AÑOS)|2025|JUNIO|EMITIDO|1737|2026-08-05
TACNA|TACNA|TACNA|TACNA|FEMENINO|MAYOR DE EDAD (18 AÑOS A MÁS)|2025|JUNIO|EMITIDO|454|2026-08-05
TACNA|TACNA|TACNA|TACNA|FEMENINO|MENOR DE EDAD (0 A 17 AÑOS)|2025|JUNIO|EMITIDO|80|2026-08-05
TACNA|TACNA|TACNA|TACNA|MASCULINO|MAYOR DE EDAD (18 AÑOS A MÁS)|2025|JUNIO|EMITIDO|478|2026-08-05
TACNA|TACNA|TACNA|TACNA|MASCULINO|MENOR DE EDAD (0 A 17 AÑOS)|2025|JUNIO|EMITIDO|77|2026-08-05
TARAPOTO|TARAPOTO|SAN MARTIN|SAN MARTIN|FEMENINO|MAYOR DE EDAD (18 AÑOS A MÁS)|2025|JUNIO|EMITIDO|361|2026-08-05
TARAPOTO|TARAPOTO|SAN MARTIN|SAN MARTIN|FEMENINO|MENOR DE EDAD (0 A 17 AÑOS)|2025|JUNIO|EMITIDO|70|2026-08-05
TARAPOTO|TARAPOTO|SAN MARTIN|SAN MARTIN|MASCULINO|MAYOR DE EDAD (18 AÑOS A MÁS)|2025|JUNIO|EMITIDO|268|2026-08-05
TARAPOTO|TARAPOTO|SAN MARTIN|SAN MARTIN|MASCULINO|MENOR DE EDAD (0 A 17 AÑOS)|2025|JUNIO|EMITIDO|60|2026-08-05
TRUJILLO|TRUJILLO|TRUJILLO|LA LIBERTAD|FEMENINO|MAYOR DE EDAD (18 AÑOS A MÁS)|2025|JUNIO|EMITIDO|1537|2026-08-05
TRUJILLO|TRUJILLO|TRUJILLO|LA LIBERTAD|FEMENINO|MENOR DE EDAD (0 A 17 AÑOS)|2025|JUNIO|EMITIDO|353|2026-08-05
TRUJILLO|TRUJILLO|TRUJILLO|LA LIBERTAD|MASCULINO|MAYOR DE EDAD (18 AÑOS A MÁS)|2025|JUNIO|EMITIDO|1220|2026-08-05
TRUJILLO|TRUJILLO|TRUJILLO|LA LIBERTAD|MASCULINO|MENOR DE EDAD (0 A 17 AÑOS)|2025|JUNIO|EMITIDO|333|2026-08-05
TUMBES|TUMBES|TUMBES|TUMBES|FEMENINO|MAYOR DE EDAD (18 AÑOS A MÁS)|2025|JUNIO|EMITIDO|84|2026-08-05
TUMBES|TUMBES|TUMBES|TUMBES|FEMENINO|MENOR DE EDAD (0 A 17 AÑOS)|2025|JUNIO|EMITIDO|12|2026-08-05
TUMBES|TUMBES|TUMBES|TUMBES|MASCULINO|MAYOR DE EDAD (18 AÑOS A MÁS)|2025|JUNIO|EMITIDO|114|2026-08-05
TUMBES|TUMBES|TUMBES|TUMBES|MASCULINO|MENOR DE EDAD (0 A 17 AÑOS)|2025|JUNIO|EMITIDO|13|2026-08-05
VENTANILLA|VENTANILLA|CALLAO|CALLAO|FEMENINO|MAYOR DE EDAD (18 AÑOS A MÁS)|2025|JUNIO|EMITIDO|484|2026-08-05
VENTANILLA|VENTANILLA|CALLAO|CALLAO|FEMENINO|MENOR DE EDAD (0 A 17 AÑOS)|2025|JUNIO|EMITIDO|113|2026-08-05
VENTANILLA|VENTANILLA|CALLAO|CALLAO|MASCULINO|MAYOR DE EDAD (18 AÑOS A MÁS)|2025|JUNIO|EMITIDO|459|2026-08-05
VENTANILLA|VENTANILLA|CALLAO|CALLAO|MASCULINO|MENOR DE EDAD (0 A 17 AÑOS)|2025|JUNIO|EMITIDO|105|2026-08-05
A.I.J.CH.|CALLAO|CALLAO|CALLAO|FEMENINO|MAYOR DE EDAD (18 AÑOS A MÁS)|2025|JULIO|EMITIDO|437|2026-08-05
A.I.J.CH.|CALLAO|CALLAO|CALLAO|FEMENINO|MENOR DE EDAD (0 A 17 AÑOS)|2025|JULIO|EMITIDO|130|2026-08-05
A.I.J.CH.|CALLAO|CALLAO|CALLAO|MASCULINO|MAYOR DE EDAD (18 AÑOS A MÁS)|2025|JULIO|EMITIDO|544|2026-08-05
A.I.J.CH.|CALLAO|CALLAO|CALLAO|MASCULINO|MENOR DE EDAD (0 A 17 AÑOS)|2025|JULIO|EMITIDO|130|2026-08-05
CHICLAYO|CHICLAYO|CHICLAYO|LAMBAYEQUE|FEMENINO|MAYOR DE EDAD (18 AÑOS A MÁS)|2025|JULIO|EMITIDO|967|2026-08-05
CHICLAYO|CHICLAYO|CHICLAYO|LAMBAYEQUE|FEMENINO|MENOR DE EDAD (0 A 17 AÑOS)|2025|JULIO|EMITIDO|204|2026-08-05
CHICLAYO|CHICLAYO|CHICLAYO|LAMBAYEQUE|MASCULINO|MAYOR DE EDAD (18 AÑOS A MÁS)|2025|JULIO|EMITIDO|827|2026-08-05
CHICLAYO|CHICLAYO|CHICLAYO|LAMBAYEQUE|MASCULINO|MENOR DE EDAD (0 A 17 AÑOS)|2025|JULIO|EMITIDO|213|2026-08-05
CHIMBOTE|CHIMBOTE|SANTA|ANCASH|FEMENINO|MAYOR DE EDAD (18 AÑOS A MÁS)|2025|JULIO|EMITIDO|418|2026-08-05
CHIMBOTE|CHIMBOTE|SANTA|ANCASH|FEMENINO|MENOR DE EDAD (0 A 17 AÑOS)|2025|JULIO|EMITIDO|90|2026-08-05
CHIMBOTE|CHIMBOTE|SANTA|ANCASH|MASCULINO|MAYOR DE EDAD (18 AÑOS A MÁS)|2025|JULIO|EMITIDO|404|2026-08-05
CHIMBOTE|CHIMBOTE|SANTA|ANCASH|MASCULINO|MENOR DE EDAD (0 A 17 AÑOS)|2025|JULIO|EMITIDO|70|2026-08-05
CUSCO|CUSCO|CUSCO|CUSCO|FEMENINO|MAYOR DE EDAD (18 AÑOS A MÁS)|2025|JULIO|EMITIDO|781|2026-08-05
CUSCO|CUSCO|CUSCO|CUSCO|FEMENINO|MENOR DE EDAD (0 A 17 AÑOS)|2025|JULIO|EMITIDO|135|2026-08-05
CUSCO|CUSCO|CUSCO|CUSCO|MASCULINO|MAYOR DE EDAD (18 AÑOS A MÁS)|2025|JULIO|EMITIDO|570|2026-08-05
CUSCO|CUSCO|CUSCO|CUSCO|MASCULINO|MENOR DE EDAD (0 A 17 AÑOS)|2025|JULIO|EMITIDO|165|2026-08-05
HUANCAYO|HUANCAYO|HUANCAYO|JUNIN|FEMENINO|MAYOR DE EDAD (18 AÑOS A MÁS)|2025|JULIO|EMITIDO|667|2026-08-05
HUANCAYO|HUANCAYO|HUANCAYO|JUNIN|FEMENINO|MENOR DE EDAD (0 A 17 AÑOS)|2025|JULIO|EMITIDO|139|2026-08-05
HUANCAYO|HUANCAYO|HUANCAYO|JUNIN|MASCULINO|MAYOR DE EDAD (18 AÑOS A MÁS)|2025|JULIO|EMITIDO|662|2026-08-05
HUANCAYO|HUANCAYO|HUANCAYO|JUNIN|MASCULINO|MENOR DE EDAD (0 A 17 AÑOS)|2025|JULIO|EMITIDO|142|2026-08-05
LIMA|LIMA|LIMA|LIMA|FEMENINO|MAYOR DE EDAD (18 AÑOS A MÁS)|2025|JULIO|EMITIDO|295|2026-08-05
LIMA|LIMA|LIMA|LIMA|FEMENINO|MENOR DE EDAD (0 A 17 AÑOS)|2025|JULIO|EMITIDO|76|2026-08-05
LIMA|LIMA|LIMA|LIMA|MASCULINO|MAYOR DE EDAD (18 AÑOS A MÁS)|2025|JULIO|EMITIDO|216|2026-08-05
LIMA|LIMA|LIMA|LIMA|MASCULINO|MENOR DE EDAD (0 A 17 AÑOS)|2025|JULIO|EMITIDO|73|2026-08-05
LIMA - MIGRACENTRO VILLA MARÍA|VILLA MARIA DEL TRIUNFO|LIMA|LIMA|FEMENINO|MAYOR DE EDAD (18 AÑOS A MÁS)|2025|JULIO|EMITIDO|501|2026-08-05
LIMA - MIGRACENTRO VILLA MARÍA|VILLA MARIA DEL TRIUNFO|LIMA|LIMA|FEMENINO|MENOR DE EDAD (0 A 17 AÑOS)|2025|JULIO|EMITIDO|119|2026-08-05
LIMA - MIGRACENTRO VILLA MARÍA|VILLA MARIA DEL TRIUNFO|LIMA|LIMA|MASCULINO|MAYOR DE EDAD (18 AÑOS A MÁS)|2025|JULIO|EMITIDO|430|2026-08-05
LIMA - MIGRACENTRO VILLA MARÍA|VILLA MARIA DEL TRIUNFO|LIMA|LIMA|MASCULINO|MENOR DE EDAD (0 A 17 AÑOS)|2025|JULIO|EMITIDO|108|2026-08-05
MAC AREQUIPA PORONGOCHE|PAUCARPATA|AREQUIPA|AREQUIPA|FEMENINO|MAYOR DE EDAD (18 AÑOS A MÁS)|2025|JULIO|EMITIDO|2019|2026-08-05
MAC AREQUIPA PORONGOCHE|PAUCARPATA|AREQUIPA|AREQUIPA|FEMENINO|MENOR DE EDAD (0 A 17 AÑOS)|2025|JULIO|EMITIDO|417|2026-08-05
MAC AREQUIPA PORONGOCHE|PAUCARPATA|AREQUIPA|AREQUIPA|MASCULINO|MAYOR DE EDAD (18 AÑOS A MÁS)|2025|JULIO|EMITIDO|1643|2026-08-05
MAC AREQUIPA PORONGOCHE|PAUCARPATA|AREQUIPA|AREQUIPA|MASCULINO|MENOR DE EDAD (0 A 17 AÑOS)|2025|JULIO|EMITIDO|450|2026-08-05
MAC CAJAMARCA|CAJAMARCA|CAJAMARCA|CAJAMARCA|FEMENINO|MAYOR DE EDAD (18 AÑOS A MÁS)|2025|JULIO|EMITIDO|225|2026-08-05
MAC CAJAMARCA|CAJAMARCA|CAJAMARCA|CAJAMARCA|FEMENINO|MENOR DE EDAD (0 A 17 AÑOS)|2025|JULIO|EMITIDO|62|2026-08-05
MAC CAJAMARCA|CAJAMARCA|CAJAMARCA|CAJAMARCA|MASCULINO|MAYOR DE EDAD (18 AÑOS A MÁS)|2025|JULIO|EMITIDO|204|2026-08-05
MAC CAJAMARCA|CAJAMARCA|CAJAMARCA|CAJAMARCA|MASCULINO|MENOR DE EDAD (0 A 17 AÑOS)|2025|JULIO|EMITIDO|67|2026-08-05
MAC HUANUCO|HUANUCO|HUANUCO|HUANUCO|FEMENINO|MAYOR DE EDAD (18 AÑOS A MÁS)|2025|JULIO|EMITIDO|189|2026-08-05
MAC HUANUCO|HUANUCO|HUANUCO|HUANUCO|FEMENINO|MENOR DE EDAD (0 A 17 AÑOS)|2025|JULIO|EMITIDO|45|2026-08-05
MAC HUANUCO|HUANUCO|HUANUCO|HUANUCO|MASCULINO|MAYOR DE EDAD (18 AÑOS A MÁS)|2025|JULIO|EMITIDO|178|2026-08-05
MAC HUANUCO|HUANUCO|HUANUCO|HUANUCO|MASCULINO|MENOR DE EDAD (0 A 17 AÑOS)|2025|JULIO|EMITIDO|41|2026-08-05
MAC ICA|SAN ANDRES|PISCO|ICA|FEMENINO|MAYOR DE EDAD (18 AÑOS A MÁS)|2025|JULIO|EMITIDO|493|2026-08-05
MAC ICA|SAN ANDRES|PISCO|ICA|FEMENINO|MENOR DE EDAD (0 A 17 AÑOS)|2025|JULIO|EMITIDO|115|2026-08-05
MAC ICA|SAN ANDRES|PISCO|ICA|MASCULINO|MAYOR DE EDAD (18 AÑOS A MÁS)|2025|JULIO|EMITIDO|439|2026-08-05
MAC ICA|SAN ANDRES|PISCO|ICA|MASCULINO|MENOR DE EDAD (0 A 17 AÑOS)|2025|JULIO|EMITIDO|125|2026-08-05
MAC LIMA ESTE|SANTA ANITA|LIMA|LIMA|FEMENINO|MAYOR DE EDAD (18 AÑOS A MÁS)|2025|JULIO|EMITIDO|1053|2026-08-05
MAC LIMA ESTE|SANTA ANITA|LIMA|LIMA|FEMENINO|MENOR DE EDAD (0 A 17 AÑOS)|2025|JULIO|EMITIDO|293|2026-08-05
MAC LIMA ESTE|SANTA ANITA|LIMA|LIMA|MASCULINO|MAYOR DE EDAD (18 AÑOS A MÁS)|2025|JULIO|EMITIDO|1051|2026-08-05
MAC LIMA ESTE|SANTA ANITA|LIMA|LIMA|MASCULINO|MENOR DE EDAD (0 A 17 AÑOS)|2025|JULIO|EMITIDO|248|2026-08-05
MAC LIMA NORTE|COMAS|LIMA|LIMA|FEMENINO|MAYOR DE EDAD (18 AÑOS A MÁS)|2025|JULIO|EMITIDO|3309|2026-08-05
MAC LIMA NORTE|COMAS|LIMA|LIMA|FEMENINO|MENOR DE EDAD (0 A 17 AÑOS)|2025|JULIO|EMITIDO|750|2026-08-05
MAC LIMA NORTE|COMAS|LIMA|LIMA|MASCULINO|MAYOR DE EDAD (18 AÑOS A MÁS)|2025|JULIO|EMITIDO|2905|2026-08-05
MAC LIMA NORTE|COMAS|LIMA|LIMA|MASCULINO|MENOR DE EDAD (0 A 17 AÑOS)|2025|JULIO|EMITIDO|717|2026-08-05
MAC LORETO|PUNCHANA|MAYNAS|LORETO|FEMENINO|MAYOR DE EDAD (18 AÑOS A MÁS)|2025|JULIO|EMITIDO|271|2026-08-05
MAC LORETO|PUNCHANA|MAYNAS|LORETO|FEMENINO|MENOR DE EDAD (0 A 17 AÑOS)|2025|JULIO|EMITIDO|63|2026-08-05
MAC LORETO|PUNCHANA|MAYNAS|LORETO|MASCULINO|MAYOR DE EDAD (18 AÑOS A MÁS)|2025|JULIO|EMITIDO|195|2026-08-05
MAC LORETO|PUNCHANA|MAYNAS|LORETO|MASCULINO|MENOR DE EDAD (0 A 17 AÑOS)|2025|JULIO|EMITIDO|46|2026-08-05
MAC UCAYALI|YARINACOCHA|CORONEL PORTILLO|UCAYALI|FEMENINO|MAYOR DE EDAD (18 AÑOS A MÁS)|2025|JULIO|EMITIDO|226|2026-08-05
MAC UCAYALI|YARINACOCHA|CORONEL PORTILLO|UCAYALI|FEMENINO|MENOR DE EDAD (0 A 17 AÑOS)|2025|JULIO|EMITIDO|59|2026-08-05
MAC UCAYALI|YARINACOCHA|CORONEL PORTILLO|UCAYALI|MASCULINO|MAYOR DE EDAD (18 AÑOS A MÁS)|2025|JULIO|EMITIDO|229|2026-08-05
MAC UCAYALI|YARINACOCHA|CORONEL PORTILLO|UCAYALI|MASCULINO|MENOR DE EDAD (0 A 17 AÑOS)|2025|JULIO|EMITIDO|66|2026-08-05
MIGRACENTRO REAL PLAZA PRIMAVERA|SAN BORJA|LIMA|LIMA|FEMENINO|MAYOR DE EDAD (18 AÑOS A MÁS)|2025|JULIO|EMITIDO|1719|2026-08-05
MIGRACENTRO REAL PLAZA PRIMAVERA|SAN BORJA|LIMA|LIMA|FEMENINO|MENOR DE EDAD (0 A 17 AÑOS)|2025|JULIO|EMITIDO|443|2026-08-05
MIGRACENTRO REAL PLAZA PRIMAVERA|SAN BORJA|LIMA|LIMA|MASCULINO|MAYOR DE EDAD (18 AÑOS A MÁS)|2025|JULIO|EMITIDO|1383|2026-08-05
MIGRACENTRO REAL PLAZA PRIMAVERA|SAN BORJA|LIMA|LIMA|MASCULINO|MENOR DE EDAD (0 A 17 AÑOS)|2025|JULIO|EMITIDO|421|2026-08-05
PIURA|PIURA|PIURA|PIURA|FEMENINO|MAYOR DE EDAD (18 AÑOS A MÁS)|2025|JULIO|EMITIDO|703|2026-08-05
PIURA|PIURA|PIURA|PIURA|FEMENINO|MENOR DE EDAD (0 A 17 AÑOS)|2025|JULIO|EMITIDO|162|2026-08-05
PIURA|PIURA|PIURA|PIURA|MASCULINO|MAYOR DE EDAD (18 AÑOS A MÁS)|2025|JULIO|EMITIDO|672|2026-08-05
PIURA|PIURA|PIURA|PIURA|MASCULINO|MENOR DE EDAD (0 A 17 AÑOS)|2025|JULIO|EMITIDO|144|2026-08-05
PTO MALDON.|TAMBOPATA|TAMBOPATA|MADRE DE DIOS|FEMENINO|MAYOR DE EDAD (18 AÑOS A MÁS)|2025|JULIO|EMITIDO|109|2026-08-05
PTO MALDON.|TAMBOPATA|TAMBOPATA|MADRE DE DIOS|FEMENINO|MENOR DE EDAD (0 A 17 AÑOS)|2025|JULIO|EMITIDO|31|2026-08-05
PTO MALDON.|TAMBOPATA|TAMBOPATA|MADRE DE DIOS|MASCULINO|MAYOR DE EDAD (18 AÑOS A MÁS)|2025|JULIO|EMITIDO|85|2026-08-05
PTO MALDON.|TAMBOPATA|TAMBOPATA|MADRE DE DIOS|MASCULINO|MENOR DE EDAD (0 A 17 AÑOS)|2025|JULIO|EMITIDO|28|2026-08-05
PUERTO CALLAO|CALLAO|CALLAO|CALLAO|FEMENINO|MAYOR DE EDAD (18 AÑOS A MÁS)|2025|JULIO|EMITIDO|1979|2026-08-05
PUERTO CALLAO|CALLAO|CALLAO|CALLAO|FEMENINO|MENOR DE EDAD (0 A 17 AÑOS)|2025|JULIO|EMITIDO|412|2026-08-05
PUERTO CALLAO|CALLAO|CALLAO|CALLAO|MASCULINO|MAYOR DE EDAD (18 AÑOS A MÁS)|2025|JULIO|EMITIDO|1613|2026-08-05
PUERTO CALLAO|CALLAO|CALLAO|CALLAO|MASCULINO|MENOR DE EDAD (0 A 17 AÑOS)|2025|JULIO|EMITIDO|477|2026-08-05
PUNO|PUNO|PUNO|PUNO|FEMENINO|MAYOR DE EDAD (18 AÑOS A MÁS)|2025|JULIO|EMITIDO|335|2026-08-05
PUNO|PUNO|PUNO|PUNO|FEMENINO|MENOR DE EDAD (0 A 17 AÑOS)|2025|JULIO|EMITIDO|49|2026-08-05
PUNO|PUNO|PUNO|PUNO|MASCULINO|MAYOR DE EDAD (18 AÑOS A MÁS)|2025|JULIO|EMITIDO|310|2026-08-05
PUNO|PUNO|PUNO|PUNO|MASCULINO|MENOR DE EDAD (0 A 17 AÑOS)|2025|JULIO|EMITIDO|50|2026-08-05
PURUCHUCO|ATE|LIMA|LIMA|FEMENINO|MAYOR DE EDAD (18 AÑOS A MÁS)|2025|JULIO|EMITIDO|816|2026-08-05
PURUCHUCO|ATE|LIMA|LIMA|FEMENINO|MENOR DE EDAD (0 A 17 AÑOS)|2025|JULIO|EMITIDO|208|2026-08-05
PURUCHUCO|ATE|LIMA|LIMA|MASCULINO|MAYOR DE EDAD (18 AÑOS A MÁS)|2025|JULIO|EMITIDO|717|2026-08-05
PURUCHUCO|ATE|LIMA|LIMA|MASCULINO|MENOR DE EDAD (0 A 17 AÑOS)|2025|JULIO|EMITIDO|218|2026-08-05
SJMIRAFLORES|SAN JUAN DE MIRAFLORES|LIMA|LIMA|FEMENINO|MAYOR DE EDAD (18 AÑOS A MÁS)|2025|JULIO|EMITIDO|1920|2026-08-05
SJMIRAFLORES|SAN JUAN DE MIRAFLORES|LIMA|LIMA|FEMENINO|MENOR DE EDAD (0 A 17 AÑOS)|2025|JULIO|EMITIDO|492|2026-08-05
SJMIRAFLORES|SAN JUAN DE MIRAFLORES|LIMA|LIMA|MASCULINO|MAYOR DE EDAD (18 AÑOS A MÁS)|2025|JULIO|EMITIDO|1684|2026-08-05
SJMIRAFLORES|SAN JUAN DE MIRAFLORES|LIMA|LIMA|MASCULINO|MENOR DE EDAD (0 A 17 AÑOS)|2025|JULIO|EMITIDO|485|2026-08-05
SURCO|SURCO|LIMA|LIMA|FEMENINO|MAYOR DE EDAD (18 AÑOS A MÁS)|2025|JULIO|EMITIDO|6066|2026-08-05
SURCO|SURCO|LIMA|LIMA|FEMENINO|MENOR DE EDAD (0 A 17 AÑOS)|2025|JULIO|EMITIDO|1707|2026-08-05
SURCO|SURCO|LIMA|LIMA|MASCULINO|MAYOR DE EDAD (18 AÑOS A MÁS)|2025|JULIO|EMITIDO|4898|2026-08-05
SURCO|SURCO|LIMA|LIMA|MASCULINO|MENOR DE EDAD (0 A 17 AÑOS)|2025|JULIO|EMITIDO|1656|2026-08-05
TACNA|TACNA|TACNA|TACNA|FEMENINO|MAYOR DE EDAD (18 AÑOS A MÁS)|2025|JULIO|EMITIDO|452|2026-08-05
TACNA|TACNA|TACNA|TACNA|FEMENINO|MENOR DE EDAD (0 A 17 AÑOS)|2025|JULIO|EMITIDO|79|2026-08-05
TACNA|TACNA|TACNA|TACNA|MASCULINO|MAYOR DE EDAD (18 AÑOS A MÁS)|2025|JULIO|EMITIDO|477|2026-08-05
TACNA|TACNA|TACNA|TACNA|MASCULINO|MENOR DE EDAD (0 A 17 AÑOS)|2025|JULIO|EMITIDO|60|2026-08-05
TARAPOTO|TARAPOTO|SAN MARTIN|SAN MARTIN|FEMENINO|MAYOR DE EDAD (18 AÑOS A MÁS)|2025|JULIO|EMITIDO|357|2026-08-05
TARAPOTO|TARAPOTO|SAN MARTIN|SAN MARTIN|FEMENINO|MENOR DE EDAD (0 A 17 AÑOS)|2025|JULIO|EMITIDO|70|2026-08-05
TARAPOTO|TARAPOTO|SAN MARTIN|SAN MARTIN|MASCULINO|MAYOR DE EDAD (18 AÑOS A MÁS)|2025|JULIO|EMITIDO|292|2026-08-05
TARAPOTO|TARAPOTO|SAN MARTIN|SAN MARTIN|MASCULINO|MENOR DE EDAD (0 A 17 AÑOS)|2025|JULIO|EMITIDO|68|2026-08-05
TRUJILLO|TRUJILLO|TRUJILLO|LA LIBERTAD|FEMENINO|MAYOR DE EDAD (18 AÑOS A MÁS)|2025|JULIO|EMITIDO|1607|2026-08-05
TRUJILLO|TRUJILLO|TRUJILLO|LA LIBERTAD|FEMENINO|MENOR DE EDAD (0 A 17 AÑOS)|2025|JULIO|EMITIDO|375|2026-08-05
TRUJILLO|TRUJILLO|TRUJILLO|LA LIBERTAD|MASCULINO|MAYOR DE EDAD (18 AÑOS A MÁS)|2025|JULIO|EMITIDO|1290|2026-08-05
TRUJILLO|TRUJILLO|TRUJILLO|LA LIBERTAD|MASCULINO|MENOR DE EDAD (0 A 17 AÑOS)|2025|JULIO|EMITIDO|355|2026-08-05
TUMBES|TUMBES|TUMBES|TUMBES|FEMENINO|MAYOR DE EDAD (18 AÑOS A MÁS)|2025|JULIO|EMITIDO|104|2026-08-05
TUMBES|TUMBES|TUMBES|TUMBES|FEMENINO|MENOR DE EDAD (0 A 17 AÑOS)|2025|JULIO|EMITIDO|30|2026-08-05
TUMBES|TUMBES|TUMBES|TUMBES|MASCULINO|MAYOR DE EDAD (18 AÑOS A MÁS)|2025|JULIO|EMITIDO|111|2026-08-05
TUMBES|TUMBES|TUMBES|TUMBES|MASCULINO|MENOR DE EDAD (0 A 17 AÑOS)|2025|JULIO|EMITIDO|26|2026-08-05
VENTANILLA|VENTANILLA|CALLAO|CALLAO|FEMENINO|MAYOR DE EDAD (18 AÑOS A MÁS)|2025|JULIO|EMITIDO|452|2026-08-05
VENTANILLA|VENTANILLA|CALLAO|CALLAO|FEMENINO|MENOR DE EDAD (0 A 17 AÑOS)|2025|JULIO|EMITIDO|92|2026-08-05
VENTANILLA|VENTANILLA|CALLAO|CALLAO|MASCULINO|MAYOR DE EDAD (18 AÑOS A MÁS)|2025|JULIO|EMITIDO|460|2026-08-05
VENTANILLA|VENTANILLA|CALLAO|CALLAO|MASCULINO|MENOR DE EDAD (0 A 17 AÑOS)|2025|JULIO|EMITIDO|126|2026-08-05
A.I.J.CH.|CALLAO|CALLAO|CALLAO|FEMENINO|MAYOR DE EDAD (18 AÑOS A MÁS)|2025|AGOSTO|EMITIDO|453|2026-08-05
A.I.J.CH.|CALLAO|CALLAO|CALLAO|FEMENINO|MENOR DE EDAD (0 A 17 AÑOS)|2025|AGOSTO|EMITIDO|70|2026-08-05
A.I.J.CH.|CALLAO|CALLAO|CALLAO|MASCULINO|MAYOR DE EDAD (18 AÑOS A MÁS)|2025|AGOSTO|EMITIDO|522|2026-08-05
A.I.J.CH.|CALLAO|CALLAO|CALLAO|MASCULINO|MENOR DE EDAD (0 A 17 AÑOS)|2025|AGOSTO|EMITIDO|68|2026-08-05
CHICLAYO|CHICLAYO|CHICLAYO|LAMBAYEQUE|FEMENINO|MAYOR DE EDAD (18 AÑOS A MÁS)|2025|AGOSTO|EMITIDO|931|2026-08-05
CHICLAYO|CHICLAYO|CHICLAYO|LAMBAYEQUE|FEMENINO|MENOR DE EDAD (0 A 17 AÑOS)|2025|AGOSTO|EMITIDO|190|2026-08-05
CHICLAYO|CHICLAYO|CHICLAYO|LAMBAYEQUE|MASCULINO|MAYOR DE EDAD (18 AÑOS A MÁS)|2025|AGOSTO|EMITIDO|796|2026-08-05
CHICLAYO|CHICLAYO|CHICLAYO|LAMBAYEQUE|MASCULINO|MENOR DE EDAD (0 A 17 AÑOS)|2025|AGOSTO|EMITIDO|196|2026-08-05
CHIMBOTE|CHIMBOTE|SANTA|ANCASH|FEMENINO|MAYOR DE EDAD (18 AÑOS A MÁS)|2025|AGOSTO|EMITIDO|390|2026-08-05
CHIMBOTE|CHIMBOTE|SANTA|ANCASH|FEMENINO|MENOR DE EDAD (0 A 17 AÑOS)|2025|AGOSTO|EMITIDO|83|2026-08-05
CHIMBOTE|CHIMBOTE|SANTA|ANCASH|MASCULINO|MAYOR DE EDAD (18 AÑOS A MÁS)|2025|AGOSTO|EMITIDO|407|2026-08-05
CHIMBOTE|CHIMBOTE|SANTA|ANCASH|MASCULINO|MENOR DE EDAD (0 A 17 AÑOS)|2025|AGOSTO|EMITIDO|82|2026-08-05
CUSCO|CUSCO|CUSCO|CUSCO|FEMENINO|MAYOR DE EDAD (18 AÑOS A MÁS)|2025|AGOSTO|EMITIDO|730|2026-08-05
CUSCO|CUSCO|CUSCO|CUSCO|FEMENINO|MENOR DE EDAD (0 A 17 AÑOS)|2025|AGOSTO|EMITIDO|128|2026-08-05
CUSCO|CUSCO|CUSCO|CUSCO|MASCULINO|MAYOR DE EDAD (18 AÑOS A MÁS)|2025|AGOSTO|EMITIDO|579|2026-08-05
CUSCO|CUSCO|CUSCO|CUSCO|MASCULINO|MENOR DE EDAD (0 A 17 AÑOS)|2025|AGOSTO|EMITIDO|136|2026-08-05
HUANCAYO|HUANCAYO|HUANCAYO|JUNIN|FEMENINO|MAYOR DE EDAD (18 AÑOS A MÁS)|2025|AGOSTO|EMITIDO|679|2026-08-05
HUANCAYO|HUANCAYO|HUANCAYO|JUNIN|FEMENINO|MENOR DE EDAD (0 A 17 AÑOS)|2025|AGOSTO|EMITIDO|141|2026-08-05
HUANCAYO|HUANCAYO|HUANCAYO|JUNIN|MASCULINO|MAYOR DE EDAD (18 AÑOS A MÁS)|2025|AGOSTO|EMITIDO|565|2026-08-05
HUANCAYO|HUANCAYO|HUANCAYO|JUNIN|MASCULINO|MENOR DE EDAD (0 A 17 AÑOS)|2025|AGOSTO|EMITIDO|119|2026-08-05
LIMA|LIMA|LIMA|LIMA|FEMENINO|MAYOR DE EDAD (18 AÑOS A MÁS)|2025|AGOSTO|EMITIDO|251|2026-08-05
LIMA|LIMA|LIMA|LIMA|FEMENINO|MENOR DE EDAD (0 A 17 AÑOS)|2025|AGOSTO|EMITIDO|41|2026-08-05
LIMA|LIMA|LIMA|LIMA|MASCULINO|MAYOR DE EDAD (18 AÑOS A MÁS)|2025|AGOSTO|EMITIDO|206|2026-08-05
LIMA|LIMA|LIMA|LIMA|MASCULINO|MENOR DE EDAD (0 A 17 AÑOS)|2025|AGOSTO|EMITIDO|37|2026-08-05
LIMA - MIGRACENTRO VILLA MARÍA|VILLA MARIA DEL TRIUNFO|LIMA|LIMA|FEMENINO|MAYOR DE EDAD (18 AÑOS A MÁS)|2025|AGOSTO|EMITIDO|453|2026-08-05
LIMA - MIGRACENTRO VILLA MARÍA|VILLA MARIA DEL TRIUNFO|LIMA|LIMA|FEMENINO|MENOR DE EDAD (0 A 17 AÑOS)|2025|AGOSTO|EMITIDO|112|2026-08-05
LIMA - MIGRACENTRO VILLA MARÍA|VILLA MARIA DEL TRIUNFO|LIMA|LIMA|MASCULINO|MAYOR DE EDAD (18 AÑOS A MÁS)|2025|AGOSTO|EMITIDO|425|2026-08-05
LIMA - MIGRACENTRO VILLA MARÍA|VILLA MARIA DEL TRIUNFO|LIMA|LIMA|MASCULINO|MENOR DE EDAD (0 A 17 AÑOS)|2025|AGOSTO|EMITIDO|81|2026-08-05
MAC AREQUIPA PORONGOCHE|PAUCARPATA|AREQUIPA|AREQUIPA|FEMENINO|MAYOR DE EDAD (18 AÑOS A MÁS)|2025|AGOSTO|EMITIDO|1347|2026-08-05
MAC AREQUIPA PORONGOCHE|PAUCARPATA|AREQUIPA|AREQUIPA|FEMENINO|MENOR DE EDAD (0 A 17 AÑOS)|2025|AGOSTO|EMITIDO|286|2026-08-05
MAC AREQUIPA PORONGOCHE|PAUCARPATA|AREQUIPA|AREQUIPA|MASCULINO|MAYOR DE EDAD (18 AÑOS A MÁS)|2025|AGOSTO|EMITIDO|1141|2026-08-05
MAC AREQUIPA PORONGOCHE|PAUCARPATA|AREQUIPA|AREQUIPA|MASCULINO|MENOR DE EDAD (0 A 17 AÑOS)|2025|AGOSTO|EMITIDO|320|2026-08-05
MAC CAJAMARCA|CAJAMARCA|CAJAMARCA|CAJAMARCA|FEMENINO|MAYOR DE EDAD (18 AÑOS A MÁS)|2025|AGOSTO|EMITIDO|201|2026-08-05
MAC CAJAMARCA|CAJAMARCA|CAJAMARCA|CAJAMARCA|FEMENINO|MENOR DE EDAD (0 A 17 AÑOS)|2025|AGOSTO|EMITIDO|41|2026-08-05
MAC CAJAMARCA|CAJAMARCA|CAJAMARCA|CAJAMARCA|MASCULINO|MAYOR DE EDAD (18 AÑOS A MÁS)|2025|AGOSTO|EMITIDO|214|2026-08-05
MAC CAJAMARCA|CAJAMARCA|CAJAMARCA|CAJAMARCA|MASCULINO|MENOR DE EDAD (0 A 17 AÑOS)|2025|AGOSTO|EMITIDO|47|2026-08-05
MAC HUANUCO|HUANUCO|HUANUCO|HUANUCO|FEMENINO|MAYOR DE EDAD (18 AÑOS A MÁS)|2025|AGOSTO|EMITIDO|207|2026-08-05
MAC HUANUCO|HUANUCO|HUANUCO|HUANUCO|FEMENINO|MENOR DE EDAD (0 A 17 AÑOS)|2025|AGOSTO|EMITIDO|35|2026-08-05
MAC HUANUCO|HUANUCO|HUANUCO|HUANUCO|MASCULINO|MAYOR DE EDAD (18 AÑOS A MÁS)|2025|AGOSTO|EMITIDO|192|2026-08-05
MAC HUANUCO|HUANUCO|HUANUCO|HUANUCO|MASCULINO|MENOR DE EDAD (0 A 17 AÑOS)|2025|AGOSTO|EMITIDO|37|2026-08-05
MAC ICA|SAN ANDRES|PISCO|ICA|FEMENINO|MAYOR DE EDAD (18 AÑOS A MÁS)|2025|AGOSTO|EMITIDO|493|2026-08-05
MAC ICA|SAN ANDRES|PISCO|ICA|FEMENINO|MENOR DE EDAD (0 A 17 AÑOS)|2025|AGOSTO|EMITIDO|117|2026-08-05
MAC ICA|SAN ANDRES|PISCO|ICA|MASCULINO|MAYOR DE EDAD (18 AÑOS A MÁS)|2025|AGOSTO|EMITIDO|398|2026-08-05
MAC ICA|SAN ANDRES|PISCO|ICA|MASCULINO|MENOR DE EDAD (0 A 17 AÑOS)|2025|AGOSTO|EMITIDO|115|2026-08-05
MAC LIMA ESTE|SANTA ANITA|LIMA|LIMA|FEMENINO|MAYOR DE EDAD (18 AÑOS A MÁS)|2025|AGOSTO|EMITIDO|1168|2026-08-05
MAC LIMA ESTE|SANTA ANITA|LIMA|LIMA|FEMENINO|MENOR DE EDAD (0 A 17 AÑOS)|2025|AGOSTO|EMITIDO|253|2026-08-05
MAC LIMA ESTE|SANTA ANITA|LIMA|LIMA|MASCULINO|MAYOR DE EDAD (18 AÑOS A MÁS)|2025|AGOSTO|EMITIDO|1107|2026-08-05
MAC LIMA ESTE|SANTA ANITA|LIMA|LIMA|MASCULINO|MENOR DE EDAD (0 A 17 AÑOS)|2025|AGOSTO|EMITIDO|261|2026-08-05
MAC LIMA NORTE|COMAS|LIMA|LIMA|FEMENINO|MAYOR DE EDAD (18 AÑOS A MÁS)|2025|AGOSTO|EMITIDO|3408|2026-08-05
MAC LIMA NORTE|COMAS|LIMA|LIMA|FEMENINO|MENOR DE EDAD (0 A 17 AÑOS)|2025|AGOSTO|EMITIDO|715|2026-08-05
MAC LIMA NORTE|COMAS|LIMA|LIMA|MASCULINO|MAYOR DE EDAD (18 AÑOS A MÁS)|2025|AGOSTO|EMITIDO|2927|2026-08-05
MAC LIMA NORTE|COMAS|LIMA|LIMA|MASCULINO|MENOR DE EDAD (0 A 17 AÑOS)|2025|AGOSTO|EMITIDO|772|2026-08-05
MAC LORETO|PUNCHANA|MAYNAS|LORETO|FEMENINO|MAYOR DE EDAD (18 AÑOS A MÁS)|2025|AGOSTO|EMITIDO|249|2026-08-05
MAC LORETO|PUNCHANA|MAYNAS|LORETO|FEMENINO|MENOR DE EDAD (0 A 17 AÑOS)|2025|AGOSTO|EMITIDO|48|2026-08-05
MAC LORETO|PUNCHANA|MAYNAS|LORETO|MASCULINO|MAYOR DE EDAD (18 AÑOS A MÁS)|2025|AGOSTO|EMITIDO|196|2026-08-05
MAC LORETO|PUNCHANA|MAYNAS|LORETO|MASCULINO|MENOR DE EDAD (0 A 17 AÑOS)|2025|AGOSTO|EMITIDO|55|2026-08-05
MAC UCAYALI|YARINACOCHA|CORONEL PORTILLO|UCAYALI|FEMENINO|MAYOR DE EDAD (18 AÑOS A MÁS)|2025|AGOSTO|EMITIDO|212|2026-08-05
MAC UCAYALI|YARINACOCHA|CORONEL PORTILLO|UCAYALI|FEMENINO|MENOR DE EDAD (0 A 17 AÑOS)|2025|AGOSTO|EMITIDO|58|2026-08-05
MAC UCAYALI|YARINACOCHA|CORONEL PORTILLO|UCAYALI|MASCULINO|MAYOR DE EDAD (18 AÑOS A MÁS)|2025|AGOSTO|EMITIDO|174|2026-08-05
MAC UCAYALI|YARINACOCHA|CORONEL PORTILLO|UCAYALI|MASCULINO|MENOR DE EDAD (0 A 17 AÑOS)|2025|AGOSTO|EMITIDO|52|2026-08-05
MIGRACENTRO REAL PLAZA PRIMAVERA|SAN BORJA|LIMA|LIMA|FEMENINO|MAYOR DE EDAD (18 AÑOS A MÁS)|2025|AGOSTO|EMITIDO|2316|2026-08-05
MIGRACENTRO REAL PLAZA PRIMAVERA|SAN BORJA|LIMA|LIMA|FEMENINO|MENOR DE EDAD (0 A 17 AÑOS)|2025|AGOSTO|EMITIDO|527|2026-08-05
MIGRACENTRO REAL PLAZA PRIMAVERA|SAN BORJA|LIMA|LIMA|MASCULINO|MAYOR DE EDAD (18 AÑOS A MÁS)|2025|AGOSTO|EMITIDO|1878|2026-08-05
MIGRACENTRO REAL PLAZA PRIMAVERA|SAN BORJA|LIMA|LIMA|MASCULINO|MENOR DE EDAD (0 A 17 AÑOS)|2025|AGOSTO|EMITIDO|535|2026-08-05
PIURA|PIURA|PIURA|PIURA|FEMENINO|MAYOR DE EDAD (18 AÑOS A MÁS)|2025|AGOSTO|EMITIDO|662|2026-08-05
PIURA|PIURA|PIURA|PIURA|FEMENINO|MENOR DE EDAD (0 A 17 AÑOS)|2025|AGOSTO|EMITIDO|158|2026-08-05
PIURA|PIURA|PIURA|PIURA|MASCULINO|MAYOR DE EDAD (18 AÑOS A MÁS)|2025|AGOSTO|EMITIDO|641|2026-08-05
PIURA|PIURA|PIURA|PIURA|MASCULINO|MENOR DE EDAD (0 A 17 AÑOS)|2025|AGOSTO|EMITIDO|154|2026-08-05
PTO MALDON.|TAMBOPATA|TAMBOPATA|MADRE DE DIOS|FEMENINO|MAYOR DE EDAD (18 AÑOS A MÁS)|2025|AGOSTO|EMITIDO|102|2026-08-05
PTO MALDON.|TAMBOPATA|TAMBOPATA|MADRE DE DIOS|FEMENINO|MENOR DE EDAD (0 A 17 AÑOS)|2025|AGOSTO|EMITIDO|37|2026-08-05
PTO MALDON.|TAMBOPATA|TAMBOPATA|MADRE DE DIOS|MASCULINO|MAYOR DE EDAD (18 AÑOS A MÁS)|2025|AGOSTO|EMITIDO|100|2026-08-05
PTO MALDON.|TAMBOPATA|TAMBOPATA|MADRE DE DIOS|MASCULINO|MENOR DE EDAD (0 A 17 AÑOS)|2025|AGOSTO|EMITIDO|33|2026-08-05
PUERTO CALLAO|CALLAO|CALLAO|CALLAO|FEMENINO|MAYOR DE EDAD (18 AÑOS A MÁS)|2025|AGOSTO|EMITIDO|2164|2026-08-05
PUERTO CALLAO|CALLAO|CALLAO|CALLAO|FEMENINO|MENOR DE EDAD (0 A 17 AÑOS)|2025|AGOSTO|EMITIDO|532|2026-08-05
PUERTO CALLAO|CALLAO|CALLAO|CALLAO|MASCULINO|MAYOR DE EDAD (18 AÑOS A MÁS)|2025|AGOSTO|EMITIDO|1778|2026-08-05
PUERTO CALLAO|CALLAO|CALLAO|CALLAO|MASCULINO|MENOR DE EDAD (0 A 17 AÑOS)|2025|AGOSTO|EMITIDO|547|2026-08-05
PUNO|PUNO|PUNO|PUNO|FEMENINO|MAYOR DE EDAD (18 AÑOS A MÁS)|2025|AGOSTO|EMITIDO|263|2026-08-05
PUNO|PUNO|PUNO|PUNO|FEMENINO|MENOR DE EDAD (0 A 17 AÑOS)|2025|AGOSTO|EMITIDO|77|2026-08-05
PUNO|PUNO|PUNO|PUNO|MASCULINO|MAYOR DE EDAD (18 AÑOS A MÁS)|2025|AGOSTO|EMITIDO|279|2026-08-05
PUNO|PUNO|PUNO|PUNO|MASCULINO|MENOR DE EDAD (0 A 17 AÑOS)|2025|AGOSTO|EMITIDO|63|2026-08-05
PURUCHUCO|ATE|LIMA|LIMA|FEMENINO|MAYOR DE EDAD (18 AÑOS A MÁS)|2025|AGOSTO|EMITIDO|942|2026-08-05
PURUCHUCO|ATE|LIMA|LIMA|FEMENINO|MENOR DE EDAD (0 A 17 AÑOS)|2025|AGOSTO|EMITIDO|244|2026-08-05
PURUCHUCO|ATE|LIMA|LIMA|MASCULINO|MAYOR DE EDAD (18 AÑOS A MÁS)|2025|AGOSTO|EMITIDO|729|2026-08-05
PURUCHUCO|ATE|LIMA|LIMA|MASCULINO|MENOR DE EDAD (0 A 17 AÑOS)|2025|AGOSTO|EMITIDO|200|2026-08-05
SJMIRAFLORES|SAN JUAN DE MIRAFLORES|LIMA|LIMA|FEMENINO|MAYOR DE EDAD (18 AÑOS A MÁS)|2025|AGOSTO|EMITIDO|1879|2026-08-05
SJMIRAFLORES|SAN JUAN DE MIRAFLORES|LIMA|LIMA|FEMENINO|MENOR DE EDAD (0 A 17 AÑOS)|2025|AGOSTO|EMITIDO|475|2026-08-05
SJMIRAFLORES|SAN JUAN DE MIRAFLORES|LIMA|LIMA|MASCULINO|MAYOR DE EDAD (18 AÑOS A MÁS)|2025|AGOSTO|EMITIDO|1644|2026-08-05
SJMIRAFLORES|SAN JUAN DE MIRAFLORES|LIMA|LIMA|MASCULINO|MENOR DE EDAD (0 A 17 AÑOS)|2025|AGOSTO|EMITIDO|515|2026-08-05
SURCO|SURCO|LIMA|LIMA|FEMENINO|MAYOR DE EDAD (18 AÑOS A MÁS)|2025|AGOSTO|EMITIDO|5579|2026-08-05
SURCO|SURCO|LIMA|LIMA|FEMENINO|MENOR DE EDAD (0 A 17 AÑOS)|2025|AGOSTO|EMITIDO|1440|2026-08-05
SURCO|SURCO|LIMA|LIMA|MASCULINO|MAYOR DE EDAD (18 AÑOS A MÁS)|2025|AGOSTO|EMITIDO|4487|2026-08-05
SURCO|SURCO|LIMA|LIMA|MASCULINO|MENOR DE EDAD (0 A 17 AÑOS)|2025|AGOSTO|EMITIDO|1483|2026-08-05
TACNA|TACNA|TACNA|TACNA|FEMENINO|MAYOR DE EDAD (18 AÑOS A MÁS)|2025|AGOSTO|EMITIDO|430|2026-08-05
TACNA|TACNA|TACNA|TACNA|FEMENINO|MENOR DE EDAD (0 A 17 AÑOS)|2025|AGOSTO|EMITIDO|84|2026-08-05
TACNA|TACNA|TACNA|TACNA|MASCULINO|MAYOR DE EDAD (18 AÑOS A MÁS)|2025|AGOSTO|EMITIDO|425|2026-08-05
TACNA|TACNA|TACNA|TACNA|MASCULINO|MENOR DE EDAD (0 A 17 AÑOS)|2025|AGOSTO|EMITIDO|67|2026-08-05
TARAPOTO|TARAPOTO|SAN MARTIN|SAN MARTIN|FEMENINO|MAYOR DE EDAD (18 AÑOS A MÁS)|2025|AGOSTO|EMITIDO|349|2026-08-05
TARAPOTO|TARAPOTO|SAN MARTIN|SAN MARTIN|FEMENINO|MENOR DE EDAD (0 A 17 AÑOS)|2025|AGOSTO|EMITIDO|97|2026-08-05
TARAPOTO|TARAPOTO|SAN MARTIN|SAN MARTIN|MASCULINO|MAYOR DE EDAD (18 AÑOS A MÁS)|2025|AGOSTO|EMITIDO|297|2026-08-05
TARAPOTO|TARAPOTO|SAN MARTIN|SAN MARTIN|MASCULINO|MENOR DE EDAD (0 A 17 AÑOS)|2025|AGOSTO|EMITIDO|75|2026-08-05
TRUJILLO|TRUJILLO|TRUJILLO|LA LIBERTAD|FEMENINO|MAYOR DE EDAD (18 AÑOS A MÁS)|2025|AGOSTO|EMITIDO|1292|2026-08-05
TRUJILLO|TRUJILLO|TRUJILLO|LA LIBERTAD|FEMENINO|MENOR DE EDAD (0 A 17 AÑOS)|2025|AGOSTO|EMITIDO|278|2026-08-05
TRUJILLO|TRUJILLO|TRUJILLO|LA LIBERTAD|MASCULINO|MAYOR DE EDAD (18 AÑOS A MÁS)|2025|AGOSTO|EMITIDO|1058|2026-08-05
TRUJILLO|TRUJILLO|TRUJILLO|LA LIBERTAD|MASCULINO|MENOR DE EDAD (0 A 17 AÑOS)|2025|AGOSTO|EMITIDO|243|2026-08-05
TUMBES|TUMBES|TUMBES|TUMBES|FEMENINO|MAYOR DE EDAD (18 AÑOS A MÁS)|2025|AGOSTO|EMITIDO|127|2026-08-05
TUMBES|TUMBES|TUMBES|TUMBES|FEMENINO|MENOR DE EDAD (0 A 17 AÑOS)|2025|AGOSTO|EMITIDO|18|2026-08-05
TUMBES|TUMBES|TUMBES|TUMBES|MASCULINO|MAYOR DE EDAD (18 AÑOS A MÁS)|2025|AGOSTO|EMITIDO|151|2026-08-05
TUMBES|TUMBES|TUMBES|TUMBES|MASCULINO|MENOR DE EDAD (0 A 17 AÑOS)|2025|AGOSTO|EMITIDO|34|2026-08-05
VENTANILLA|VENTANILLA|CALLAO|CALLAO|FEMENINO|MAYOR DE EDAD (18 AÑOS A MÁS)|2025|AGOSTO|EMITIDO|496|2026-08-05
VENTANILLA|VENTANILLA|CALLAO|CALLAO|FEMENINO|MENOR DE EDAD (0 A 17 AÑOS)|2025|AGOSTO|EMITIDO|96|2026-08-05
VENTANILLA|VENTANILLA|CALLAO|CALLAO|MASCULINO|MAYOR DE EDAD (18 AÑOS A MÁS)|2025|AGOSTO|EMITIDO|458|2026-08-05
VENTANILLA|VENTANILLA|CALLAO|CALLAO|MASCULINO|MENOR DE EDAD (0 A 17 AÑOS)|2025|AGOSTO|EMITIDO|103|2026-08-05
A.I.J.CH.|CALLAO|CALLAO|CALLAO|FEMENINO|MAYOR DE EDAD (18 AÑOS A MÁS)|2025|SEPTIEMBRE|EMITIDO|400|2026-08-05
A.I.J.CH.|CALLAO|CALLAO|CALLAO|FEMENINO|MENOR DE EDAD (0 A 17 AÑOS)|2025|SEPTIEMBRE|EMITIDO|48|2026-08-05
A.I.J.CH.|CALLAO|CALLAO|CALLAO|MASCULINO|MAYOR DE EDAD (18 AÑOS A MÁS)|2025|SEPTIEMBRE|EMITIDO|472|2026-08-05
A.I.J.CH.|CALLAO|CALLAO|CALLAO|MASCULINO|MENOR DE EDAD (0 A 17 AÑOS)|2025|SEPTIEMBRE|EMITIDO|64|2026-08-05
AGENCIA DE ATENCIÓN AL CIUDADANO MAC AYACUCHO|AYACUCHO|HUAMANGA|AYACUCHO|FEMENINO|MAYOR DE EDAD (18 AÑOS A MÁS)|2025|SEPTIEMBRE|EMITIDO|7|2026-08-05
AGENCIA DE ATENCIÓN AL CIUDADANO MAC AYACUCHO|AYACUCHO|HUAMANGA|AYACUCHO|MASCULINO|MAYOR DE EDAD (18 AÑOS A MÁS)|2025|SEPTIEMBRE|EMITIDO|4|2026-08-05
CHICLAYO|CHICLAYO|CHICLAYO|LAMBAYEQUE|FEMENINO|MAYOR DE EDAD (18 AÑOS A MÁS)|2025|SEPTIEMBRE|EMITIDO|838|2026-08-05
CHICLAYO|CHICLAYO|CHICLAYO|LAMBAYEQUE|FEMENINO|MENOR DE EDAD (0 A 17 AÑOS)|2025|SEPTIEMBRE|EMITIDO|184|2026-08-05
CHICLAYO|CHICLAYO|CHICLAYO|LAMBAYEQUE|MASCULINO|MAYOR DE EDAD (18 AÑOS A MÁS)|2025|SEPTIEMBRE|EMITIDO|789|2026-08-05
CHICLAYO|CHICLAYO|CHICLAYO|LAMBAYEQUE|MASCULINO|MENOR DE EDAD (0 A 17 AÑOS)|2025|SEPTIEMBRE|EMITIDO|169|2026-08-05
CHIMBOTE|CHIMBOTE|SANTA|ANCASH|FEMENINO|MAYOR DE EDAD (18 AÑOS A MÁS)|2025|SEPTIEMBRE|EMITIDO|419|2026-08-05
CHIMBOTE|CHIMBOTE|SANTA|ANCASH|FEMENINO|MENOR DE EDAD (0 A 17 AÑOS)|2025|SEPTIEMBRE|EMITIDO|80|2026-08-05
CHIMBOTE|CHIMBOTE|SANTA|ANCASH|MASCULINO|MAYOR DE EDAD (18 AÑOS A MÁS)|2025|SEPTIEMBRE|EMITIDO|397|2026-08-05
CHIMBOTE|CHIMBOTE|SANTA|ANCASH|MASCULINO|MENOR DE EDAD (0 A 17 AÑOS)|2025|SEPTIEMBRE|EMITIDO|76|2026-08-05
CUSCO|CUSCO|CUSCO|CUSCO|FEMENINO|MAYOR DE EDAD (18 AÑOS A MÁS)|2025|SEPTIEMBRE|EMITIDO|745|2026-08-05
CUSCO|CUSCO|CUSCO|CUSCO|FEMENINO|MENOR DE EDAD (0 A 17 AÑOS)|2025|SEPTIEMBRE|EMITIDO|135|2026-08-05
CUSCO|CUSCO|CUSCO|CUSCO|MASCULINO|MAYOR DE EDAD (18 AÑOS A MÁS)|2025|SEPTIEMBRE|EMITIDO|634|2026-08-05
CUSCO|CUSCO|CUSCO|CUSCO|MASCULINO|MENOR DE EDAD (0 A 17 AÑOS)|2025|SEPTIEMBRE|EMITIDO|141|2026-08-05
HUANCAYO|HUANCAYO|HUANCAYO|JUNIN|FEMENINO|MAYOR DE EDAD (18 AÑOS A MÁS)|2025|SEPTIEMBRE|EMITIDO|714|2026-08-05
HUANCAYO|HUANCAYO|HUANCAYO|JUNIN|FEMENINO|MENOR DE EDAD (0 A 17 AÑOS)|2025|SEPTIEMBRE|EMITIDO|109|2026-08-05
HUANCAYO|HUANCAYO|HUANCAYO|JUNIN|MASCULINO|MAYOR DE EDAD (18 AÑOS A MÁS)|2025|SEPTIEMBRE|EMITIDO|609|2026-08-05
HUANCAYO|HUANCAYO|HUANCAYO|JUNIN|MASCULINO|MENOR DE EDAD (0 A 17 AÑOS)|2025|SEPTIEMBRE|EMITIDO|125|2026-08-05
LIMA|LIMA|LIMA|LIMA|FEMENINO|MAYOR DE EDAD (18 AÑOS A MÁS)|2025|SEPTIEMBRE|EMITIDO|295|2026-08-05
LIMA|LIMA|LIMA|LIMA|FEMENINO|MENOR DE EDAD (0 A 17 AÑOS)|2025|SEPTIEMBRE|EMITIDO|66|2026-08-05
LIMA|LIMA|LIMA|LIMA|MASCULINO|MAYOR DE EDAD (18 AÑOS A MÁS)|2025|SEPTIEMBRE|EMITIDO|256|2026-08-05
LIMA|LIMA|LIMA|LIMA|MASCULINO|MENOR DE EDAD (0 A 17 AÑOS)|2025|SEPTIEMBRE|EMITIDO|87|2026-08-05
LIMA - MIGRACENTRO VILLA MARÍA|VILLA MARIA DEL TRIUNFO|LIMA|LIMA|FEMENINO|MAYOR DE EDAD (18 AÑOS A MÁS)|2025|SEPTIEMBRE|EMITIDO|500|2026-08-05
LIMA - MIGRACENTRO VILLA MARÍA|VILLA MARIA DEL TRIUNFO|LIMA|LIMA|FEMENINO|MENOR DE EDAD (0 A 17 AÑOS)|2025|SEPTIEMBRE|EMITIDO|108|2026-08-05
LIMA - MIGRACENTRO VILLA MARÍA|VILLA MARIA DEL TRIUNFO|LIMA|LIMA|MASCULINO|MAYOR DE EDAD (18 AÑOS A MÁS)|2025|SEPTIEMBRE|EMITIDO|452|2026-08-05
LIMA - MIGRACENTRO VILLA MARÍA|VILLA MARIA DEL TRIUNFO|LIMA|LIMA|MASCULINO|MENOR DE EDAD (0 A 17 AÑOS)|2025|SEPTIEMBRE|EMITIDO|113|2026-08-05
MAC AREQUIPA PORONGOCHE|PAUCARPATA|AREQUIPA|AREQUIPA|FEMENINO|MAYOR DE EDAD (18 AÑOS A MÁS)|2025|SEPTIEMBRE|EMITIDO|1384|2026-08-05
MAC AREQUIPA PORONGOCHE|PAUCARPATA|AREQUIPA|AREQUIPA|FEMENINO|MENOR DE EDAD (0 A 17 AÑOS)|2025|SEPTIEMBRE|EMITIDO|299|2026-08-05
MAC AREQUIPA PORONGOCHE|PAUCARPATA|AREQUIPA|AREQUIPA|MASCULINO|MAYOR DE EDAD (18 AÑOS A MÁS)|2025|SEPTIEMBRE|EMITIDO|1200|2026-08-05
MAC AREQUIPA PORONGOCHE|PAUCARPATA|AREQUIPA|AREQUIPA|MASCULINO|MENOR DE EDAD (0 A 17 AÑOS)|2025|SEPTIEMBRE|EMITIDO|290|2026-08-05
MAC CAJAMARCA|CAJAMARCA|CAJAMARCA|CAJAMARCA|FEMENINO|MAYOR DE EDAD (18 AÑOS A MÁS)|2025|SEPTIEMBRE|EMITIDO|207|2026-08-05
MAC CAJAMARCA|CAJAMARCA|CAJAMARCA|CAJAMARCA|FEMENINO|MENOR DE EDAD (0 A 17 AÑOS)|2025|SEPTIEMBRE|EMITIDO|48|2026-08-05
MAC CAJAMARCA|CAJAMARCA|CAJAMARCA|CAJAMARCA|MASCULINO|MAYOR DE EDAD (18 AÑOS A MÁS)|2025|SEPTIEMBRE|EMITIDO|211|2026-08-05
MAC CAJAMARCA|CAJAMARCA|CAJAMARCA|CAJAMARCA|MASCULINO|MENOR DE EDAD (0 A 17 AÑOS)|2025|SEPTIEMBRE|EMITIDO|58|2026-08-05
MAC HUANUCO|HUANUCO|HUANUCO|HUANUCO|FEMENINO|MAYOR DE EDAD (18 AÑOS A MÁS)|2025|SEPTIEMBRE|EMITIDO|222|2026-08-05
MAC HUANUCO|HUANUCO|HUANUCO|HUANUCO|FEMENINO|MENOR DE EDAD (0 A 17 AÑOS)|2025|SEPTIEMBRE|EMITIDO|53|2026-08-05
MAC HUANUCO|HUANUCO|HUANUCO|HUANUCO|MASCULINO|MAYOR DE EDAD (18 AÑOS A MÁS)|2025|SEPTIEMBRE|EMITIDO|194|2026-08-05
MAC HUANUCO|HUANUCO|HUANUCO|HUANUCO|MASCULINO|MENOR DE EDAD (0 A 17 AÑOS)|2025|SEPTIEMBRE|EMITIDO|36|2026-08-05
MAC ICA|SAN ANDRES|PISCO|ICA|FEMENINO|MAYOR DE EDAD (18 AÑOS A MÁS)|2025|SEPTIEMBRE|EMITIDO|421|2026-08-05
MAC ICA|SAN ANDRES|PISCO|ICA|FEMENINO|MENOR DE EDAD (0 A 17 AÑOS)|2025|SEPTIEMBRE|EMITIDO|97|2026-08-05
MAC ICA|SAN ANDRES|PISCO|ICA|MASCULINO|MAYOR DE EDAD (18 AÑOS A MÁS)|2025|SEPTIEMBRE|EMITIDO|392|2026-08-05
MAC ICA|SAN ANDRES|PISCO|ICA|MASCULINO|MENOR DE EDAD (0 A 17 AÑOS)|2025|SEPTIEMBRE|EMITIDO|98|2026-08-05
MAC LIMA ESTE|SANTA ANITA|LIMA|LIMA|FEMENINO|MAYOR DE EDAD (18 AÑOS A MÁS)|2025|SEPTIEMBRE|EMITIDO|1208|2026-08-05
MAC LIMA ESTE|SANTA ANITA|LIMA|LIMA|FEMENINO|MENOR DE EDAD (0 A 17 AÑOS)|2025|SEPTIEMBRE|EMITIDO|272|2026-08-05
MAC LIMA ESTE|SANTA ANITA|LIMA|LIMA|MASCULINO|MAYOR DE EDAD (18 AÑOS A MÁS)|2025|SEPTIEMBRE|EMITIDO|1172|2026-08-05
MAC LIMA ESTE|SANTA ANITA|LIMA|LIMA|MASCULINO|MENOR DE EDAD (0 A 17 AÑOS)|2025|SEPTIEMBRE|EMITIDO|294|2026-08-05
MAC LIMA NORTE|COMAS|LIMA|LIMA|FEMENINO|MAYOR DE EDAD (18 AÑOS A MÁS)|2025|SEPTIEMBRE|EMITIDO|2606|2026-08-05
MAC LIMA NORTE|COMAS|LIMA|LIMA|FEMENINO|MENOR DE EDAD (0 A 17 AÑOS)|2025|SEPTIEMBRE|EMITIDO|546|2026-08-05
MAC LIMA NORTE|COMAS|LIMA|LIMA|MASCULINO|MAYOR DE EDAD (18 AÑOS A MÁS)|2025|SEPTIEMBRE|EMITIDO|2223|2026-08-05
MAC LIMA NORTE|COMAS|LIMA|LIMA|MASCULINO|MENOR DE EDAD (0 A 17 AÑOS)|2025|SEPTIEMBRE|EMITIDO|552|2026-08-05
MAC LORETO|PUNCHANA|MAYNAS|LORETO|FEMENINO|MAYOR DE EDAD (18 AÑOS A MÁS)|2025|SEPTIEMBRE|EMITIDO|235|2026-08-05
MAC LORETO|PUNCHANA|MAYNAS|LORETO|FEMENINO|MENOR DE EDAD (0 A 17 AÑOS)|2025|SEPTIEMBRE|EMITIDO|40|2026-08-05
MAC LORETO|PUNCHANA|MAYNAS|LORETO|MASCULINO|MAYOR DE EDAD (18 AÑOS A MÁS)|2025|SEPTIEMBRE|EMITIDO|206|2026-08-05
MAC LORETO|PUNCHANA|MAYNAS|LORETO|MASCULINO|MENOR DE EDAD (0 A 17 AÑOS)|2025|SEPTIEMBRE|EMITIDO|58|2026-08-05
MAC MOQUEGUA|ILO|ILO|MOQUEGUA|FEMENINO|MAYOR DE EDAD (18 AÑOS A MÁS)|2025|SEPTIEMBRE|EMITIDO|1|2026-08-05
MAC MOQUEGUA|ILO|ILO|MOQUEGUA|MASCULINO|MAYOR DE EDAD (18 AÑOS A MÁS)|2025|SEPTIEMBRE|EMITIDO|1|2026-08-05
MAC UCAYALI|YARINACOCHA|CORONEL PORTILLO|UCAYALI|FEMENINO|MAYOR DE EDAD (18 AÑOS A MÁS)|2025|SEPTIEMBRE|EMITIDO|211|2026-08-05
MAC UCAYALI|YARINACOCHA|CORONEL PORTILLO|UCAYALI|FEMENINO|MENOR DE EDAD (0 A 17 AÑOS)|2025|SEPTIEMBRE|EMITIDO|48|2026-08-05
MAC UCAYALI|YARINACOCHA|CORONEL PORTILLO|UCAYALI|MASCULINO|MAYOR DE EDAD (18 AÑOS A MÁS)|2025|SEPTIEMBRE|EMITIDO|194|2026-08-05
MAC UCAYALI|YARINACOCHA|CORONEL PORTILLO|UCAYALI|MASCULINO|MENOR DE EDAD (0 A 17 AÑOS)|2025|SEPTIEMBRE|EMITIDO|49|2026-08-05
MIGRACENTRO REAL PLAZA PRIMAVERA|SAN BORJA|LIMA|LIMA|FEMENINO|MAYOR DE EDAD (18 AÑOS A MÁS)|2025|SEPTIEMBRE|EMITIDO|1812|2026-08-05
MIGRACENTRO REAL PLAZA PRIMAVERA|SAN BORJA|LIMA|LIMA|FEMENINO|MENOR DE EDAD (0 A 17 AÑOS)|2025|SEPTIEMBRE|EMITIDO|337|2026-08-05
MIGRACENTRO REAL PLAZA PRIMAVERA|SAN BORJA|LIMA|LIMA|MASCULINO|MAYOR DE EDAD (18 AÑOS A MÁS)|2025|SEPTIEMBRE|EMITIDO|1458|2026-08-05
MIGRACENTRO REAL PLAZA PRIMAVERA|SAN BORJA|LIMA|LIMA|MASCULINO|MENOR DE EDAD (0 A 17 AÑOS)|2025|SEPTIEMBRE|EMITIDO|316|2026-08-05
PIURA|PIURA|PIURA|PIURA|FEMENINO|MAYOR DE EDAD (18 AÑOS A MÁS)|2025|SEPTIEMBRE|EMITIDO|589|2026-08-05
PIURA|PIURA|PIURA|PIURA|FEMENINO|MENOR DE EDAD (0 A 17 AÑOS)|2025|SEPTIEMBRE|EMITIDO|130|2026-08-05
PIURA|PIURA|PIURA|PIURA|MASCULINO|MAYOR DE EDAD (18 AÑOS A MÁS)|2025|SEPTIEMBRE|EMITIDO|565|2026-08-05
PIURA|PIURA|PIURA|PIURA|MASCULINO|MENOR DE EDAD (0 A 17 AÑOS)|2025|SEPTIEMBRE|EMITIDO|128|2026-08-05
PTO MALDON.|TAMBOPATA|TAMBOPATA|MADRE DE DIOS|FEMENINO|MAYOR DE EDAD (18 AÑOS A MÁS)|2025|SEPTIEMBRE|EMITIDO|79|2026-08-05
PTO MALDON.|TAMBOPATA|TAMBOPATA|MADRE DE DIOS|FEMENINO|MENOR DE EDAD (0 A 17 AÑOS)|2025|SEPTIEMBRE|EMITIDO|30|2026-08-05
PTO MALDON.|TAMBOPATA|TAMBOPATA|MADRE DE DIOS|MASCULINO|MAYOR DE EDAD (18 AÑOS A MÁS)|2025|SEPTIEMBRE|EMITIDO|90|2026-08-05
PTO MALDON.|TAMBOPATA|TAMBOPATA|MADRE DE DIOS|MASCULINO|MENOR DE EDAD (0 A 17 AÑOS)|2025|SEPTIEMBRE|EMITIDO|30|2026-08-05
PUERTO CALLAO|CALLAO|CALLAO|CALLAO|FEMENINO|MAYOR DE EDAD (18 AÑOS A MÁS)|2025|SEPTIEMBRE|EMITIDO|2494|2026-08-05
PUERTO CALLAO|CALLAO|CALLAO|CALLAO|FEMENINO|MENOR DE EDAD (0 A 17 AÑOS)|2025|SEPTIEMBRE|EMITIDO|600|2026-08-05
PUERTO CALLAO|CALLAO|CALLAO|CALLAO|MASCULINO|MAYOR DE EDAD (18 AÑOS A MÁS)|2025|SEPTIEMBRE|EMITIDO|2043|2026-08-05
PUERTO CALLAO|CALLAO|CALLAO|CALLAO|MASCULINO|MENOR DE EDAD (0 A 17 AÑOS)|2025|SEPTIEMBRE|EMITIDO|577|2026-08-05
PUNO|PUNO|PUNO|PUNO|FEMENINO|MAYOR DE EDAD (18 AÑOS A MÁS)|2025|SEPTIEMBRE|EMITIDO|232|2026-08-05
PUNO|PUNO|PUNO|PUNO|FEMENINO|MENOR DE EDAD (0 A 17 AÑOS)|2025|SEPTIEMBRE|EMITIDO|52|2026-08-05
PUNO|PUNO|PUNO|PUNO|MASCULINO|MAYOR DE EDAD (18 AÑOS A MÁS)|2025|SEPTIEMBRE|EMITIDO|217|2026-08-05
PUNO|PUNO|PUNO|PUNO|MASCULINO|MENOR DE EDAD (0 A 17 AÑOS)|2025|SEPTIEMBRE|EMITIDO|37|2026-08-05
PURUCHUCO|ATE|LIMA|LIMA|FEMENINO|MAYOR DE EDAD (18 AÑOS A MÁS)|2025|SEPTIEMBRE|EMITIDO|905|2026-08-05
PURUCHUCO|ATE|LIMA|LIMA|FEMENINO|MENOR DE EDAD (0 A 17 AÑOS)|2025|SEPTIEMBRE|EMITIDO|206|2026-08-05
PURUCHUCO|ATE|LIMA|LIMA|MASCULINO|MAYOR DE EDAD (18 AÑOS A MÁS)|2025|SEPTIEMBRE|EMITIDO|753|2026-08-05
PURUCHUCO|ATE|LIMA|LIMA|MASCULINO|MENOR DE EDAD (0 A 17 AÑOS)|2025|SEPTIEMBRE|EMITIDO|227|2026-08-05
SJMIRAFLORES|SAN JUAN DE MIRAFLORES|LIMA|LIMA|FEMENINO|MAYOR DE EDAD (18 AÑOS A MÁS)|2025|SEPTIEMBRE|EMITIDO|1740|2026-08-05
SJMIRAFLORES|SAN JUAN DE MIRAFLORES|LIMA|LIMA|FEMENINO|MENOR DE EDAD (0 A 17 AÑOS)|2025|SEPTIEMBRE|EMITIDO|376|2026-08-05
SJMIRAFLORES|SAN JUAN DE MIRAFLORES|LIMA|LIMA|MASCULINO|MAYOR DE EDAD (18 AÑOS A MÁS)|2025|SEPTIEMBRE|EMITIDO|1552|2026-08-05
SJMIRAFLORES|SAN JUAN DE MIRAFLORES|LIMA|LIMA|MASCULINO|MENOR DE EDAD (0 A 17 AÑOS)|2025|SEPTIEMBRE|EMITIDO|394|2026-08-05
SURCO|SURCO|LIMA|LIMA|FEMENINO|MAYOR DE EDAD (18 AÑOS A MÁS)|2025|SEPTIEMBRE|EMITIDO|5453|2026-08-05
SURCO|SURCO|LIMA|LIMA|FEMENINO|MENOR DE EDAD (0 A 17 AÑOS)|2025|SEPTIEMBRE|EMITIDO|1226|2026-08-05
SURCO|SURCO|LIMA|LIMA|MASCULINO|MAYOR DE EDAD (18 AÑOS A MÁS)|2025|SEPTIEMBRE|EMITIDO|4309|2026-08-05
SURCO|SURCO|LIMA|LIMA|MASCULINO|MENOR DE EDAD (0 A 17 AÑOS)|2025|SEPTIEMBRE|EMITIDO|1294|2026-08-05
TACNA|TACNA|TACNA|TACNA|FEMENINO|MAYOR DE EDAD (18 AÑOS A MÁS)|2025|SEPTIEMBRE|EMITIDO|496|2026-08-05
TACNA|TACNA|TACNA|TACNA|FEMENINO|MENOR DE EDAD (0 A 17 AÑOS)|2025|SEPTIEMBRE|EMITIDO|81|2026-08-05
TACNA|TACNA|TACNA|TACNA|MASCULINO|MAYOR DE EDAD (18 AÑOS A MÁS)|2025|SEPTIEMBRE|EMITIDO|459|2026-08-05
TACNA|TACNA|TACNA|TACNA|MASCULINO|MENOR DE EDAD (0 A 17 AÑOS)|2025|SEPTIEMBRE|EMITIDO|102|2026-08-05
TARAPOTO|TARAPOTO|SAN MARTIN|SAN MARTIN|FEMENINO|MAYOR DE EDAD (18 AÑOS A MÁS)|2025|SEPTIEMBRE|EMITIDO|377|2026-08-05
TARAPOTO|TARAPOTO|SAN MARTIN|SAN MARTIN|FEMENINO|MENOR DE EDAD (0 A 17 AÑOS)|2025|SEPTIEMBRE|EMITIDO|94|2026-08-05
TARAPOTO|TARAPOTO|SAN MARTIN|SAN MARTIN|MASCULINO|MAYOR DE EDAD (18 AÑOS A MÁS)|2025|SEPTIEMBRE|EMITIDO|314|2026-08-05
TARAPOTO|TARAPOTO|SAN MARTIN|SAN MARTIN|MASCULINO|MENOR DE EDAD (0 A 17 AÑOS)|2025|SEPTIEMBRE|EMITIDO|94|2026-08-05
TRUJILLO|TRUJILLO|TRUJILLO|LA LIBERTAD|FEMENINO|MAYOR DE EDAD (18 AÑOS A MÁS)|2025|SEPTIEMBRE|EMITIDO|1230|2026-08-05
TRUJILLO|TRUJILLO|TRUJILLO|LA LIBERTAD|FEMENINO|MENOR DE EDAD (0 A 17 AÑOS)|2025|SEPTIEMBRE|EMITIDO|263|2026-08-05
TRUJILLO|TRUJILLO|TRUJILLO|LA LIBERTAD|MASCULINO|MAYOR DE EDAD (18 AÑOS A MÁS)|2025|SEPTIEMBRE|EMITIDO|1036|2026-08-05
TRUJILLO|TRUJILLO|TRUJILLO|LA LIBERTAD|MASCULINO|MENOR DE EDAD (0 A 17 AÑOS)|2025|SEPTIEMBRE|EMITIDO|254|2026-08-05
TUMBES|TUMBES|TUMBES|TUMBES|FEMENINO|MAYOR DE EDAD (18 AÑOS A MÁS)|2025|SEPTIEMBRE|EMITIDO|113|2026-08-05
TUMBES|TUMBES|TUMBES|TUMBES|FEMENINO|MENOR DE EDAD (0 A 17 AÑOS)|2025|SEPTIEMBRE|EMITIDO|30|2026-08-05
TUMBES|TUMBES|TUMBES|TUMBES|MASCULINO|MAYOR DE EDAD (18 AÑOS A MÁS)|2025|SEPTIEMBRE|EMITIDO|119|2026-08-05
TUMBES|TUMBES|TUMBES|TUMBES|MASCULINO|MENOR DE EDAD (0 A 17 AÑOS)|2025|SEPTIEMBRE|EMITIDO|27|2026-08-05
VENTANILLA|VENTANILLA|CALLAO|CALLAO|FEMENINO|MAYOR DE EDAD (18 AÑOS A MÁS)|2025|SEPTIEMBRE|EMITIDO|486|2026-08-05
VENTANILLA|VENTANILLA|CALLAO|CALLAO|FEMENINO|MENOR DE EDAD (0 A 17 AÑOS)|2025|SEPTIEMBRE|EMITIDO|106|2026-08-05
VENTANILLA|VENTANILLA|CALLAO|CALLAO|MASCULINO|MAYOR DE EDAD (18 AÑOS A MÁS)|2025|SEPTIEMBRE|EMITIDO|460|2026-08-05
VENTANILLA|VENTANILLA|CALLAO|CALLAO|MASCULINO|MENOR DE EDAD (0 A 17 AÑOS)|2025|SEPTIEMBRE|EMITIDO|125|2026-08-05
A.I.J.CH.|CALLAO|CALLAO|CALLAO|FEMENINO|MAYOR DE EDAD (18 AÑOS A MÁS)|2025|OCTUBRE|EMITIDO|438|2026-08-05
A.I.J.CH.|CALLAO|CALLAO|CALLAO|FEMENINO|MENOR DE EDAD (0 A 17 AÑOS)|2025|OCTUBRE|EMITIDO|89|2026-08-05
A.I.J.CH.|CALLAO|CALLAO|CALLAO|MASCULINO|MAYOR DE EDAD (18 AÑOS A MÁS)|2025|OCTUBRE|EMITIDO|485|2026-08-05
A.I.J.CH.|CALLAO|CALLAO|CALLAO|MASCULINO|MENOR DE EDAD (0 A 17 AÑOS)|2025|OCTUBRE|EMITIDO|89|2026-08-05
AGENCIA DE ATENCIÓN AL CIUDADANO MAC AYACUCHO|AYACUCHO|HUAMANGA|AYACUCHO|FEMENINO|MAYOR DE EDAD (18 AÑOS A MÁS)|2025|OCTUBRE|EMITIDO|293|2026-08-05
AGENCIA DE ATENCIÓN AL CIUDADANO MAC AYACUCHO|AYACUCHO|HUAMANGA|AYACUCHO|FEMENINO|MENOR DE EDAD (0 A 17 AÑOS)|2025|OCTUBRE|EMITIDO|73|2026-08-05
AGENCIA DE ATENCIÓN AL CIUDADANO MAC AYACUCHO|AYACUCHO|HUAMANGA|AYACUCHO|MASCULINO|MAYOR DE EDAD (18 AÑOS A MÁS)|2025|OCTUBRE|EMITIDO|295|2026-08-05
AGENCIA DE ATENCIÓN AL CIUDADANO MAC AYACUCHO|AYACUCHO|HUAMANGA|AYACUCHO|MASCULINO|MENOR DE EDAD (0 A 17 AÑOS)|2025|OCTUBRE|EMITIDO|71|2026-08-05
CHICLAYO|CHICLAYO|CHICLAYO|LAMBAYEQUE|FEMENINO|MAYOR DE EDAD (18 AÑOS A MÁS)|2025|OCTUBRE|EMITIDO|852|2026-08-05
CHICLAYO|CHICLAYO|CHICLAYO|LAMBAYEQUE|FEMENINO|MENOR DE EDAD (0 A 17 AÑOS)|2025|OCTUBRE|EMITIDO|195|2026-08-05
CHICLAYO|CHICLAYO|CHICLAYO|LAMBAYEQUE|MASCULINO|MAYOR DE EDAD (18 AÑOS A MÁS)|2025|OCTUBRE|EMITIDO|720|2026-08-05
CHICLAYO|CHICLAYO|CHICLAYO|LAMBAYEQUE|MASCULINO|MENOR DE EDAD (0 A 17 AÑOS)|2025|OCTUBRE|EMITIDO|170|2026-08-05
CHIMBOTE|CHIMBOTE|SANTA|ANCASH|FEMENINO|MAYOR DE EDAD (18 AÑOS A MÁS)|2025|OCTUBRE|EMITIDO|428|2026-08-05
CHIMBOTE|CHIMBOTE|SANTA|ANCASH|FEMENINO|MENOR DE EDAD (0 A 17 AÑOS)|2025|OCTUBRE|EMITIDO|82|2026-08-05
CHIMBOTE|CHIMBOTE|SANTA|ANCASH|MASCULINO|MAYOR DE EDAD (18 AÑOS A MÁS)|2025|OCTUBRE|EMITIDO|346|2026-08-05
CHIMBOTE|CHIMBOTE|SANTA|ANCASH|MASCULINO|MENOR DE EDAD (0 A 17 AÑOS)|2025|OCTUBRE|EMITIDO|91|2026-08-05
CUSCO|CUSCO|CUSCO|CUSCO|FEMENINO|MAYOR DE EDAD (18 AÑOS A MÁS)|2025|OCTUBRE|EMITIDO|701|2026-08-05
CUSCO|CUSCO|CUSCO|CUSCO|FEMENINO|MENOR DE EDAD (0 A 17 AÑOS)|2025|OCTUBRE|EMITIDO|154|2026-08-05
CUSCO|CUSCO|CUSCO|CUSCO|MASCULINO|MAYOR DE EDAD (18 AÑOS A MÁS)|2025|OCTUBRE|EMITIDO|584|2026-08-05
CUSCO|CUSCO|CUSCO|CUSCO|MASCULINO|MENOR DE EDAD (0 A 17 AÑOS)|2025|OCTUBRE|EMITIDO|158|2026-08-05
HUANCAYO|HUANCAYO|HUANCAYO|JUNIN|FEMENINO|MAYOR DE EDAD (18 AÑOS A MÁS)|2025|OCTUBRE|EMITIDO|659|2026-08-05
HUANCAYO|HUANCAYO|HUANCAYO|JUNIN|FEMENINO|MENOR DE EDAD (0 A 17 AÑOS)|2025|OCTUBRE|EMITIDO|124|2026-08-05
HUANCAYO|HUANCAYO|HUANCAYO|JUNIN|MASCULINO|MAYOR DE EDAD (18 AÑOS A MÁS)|2025|OCTUBRE|EMITIDO|640|2026-08-05
HUANCAYO|HUANCAYO|HUANCAYO|JUNIN|MASCULINO|MENOR DE EDAD (0 A 17 AÑOS)|2025|OCTUBRE|EMITIDO|138|2026-08-05
LIMA|LIMA|LIMA|LIMA|FEMENINO|MAYOR DE EDAD (18 AÑOS A MÁS)|2025|OCTUBRE|EMITIDO|293|2026-08-05
LIMA|LIMA|LIMA|LIMA|FEMENINO|MENOR DE EDAD (0 A 17 AÑOS)|2025|OCTUBRE|EMITIDO|74|2026-08-05
LIMA|LIMA|LIMA|LIMA|MASCULINO|MAYOR DE EDAD (18 AÑOS A MÁS)|2025|OCTUBRE|EMITIDO|303|2026-08-05
LIMA|LIMA|LIMA|LIMA|MASCULINO|MENOR DE EDAD (0 A 17 AÑOS)|2025|OCTUBRE|EMITIDO|78|2026-08-05
LIMA - MIGRACENTRO VILLA MARÍA|VILLA MARIA DEL TRIUNFO|LIMA|LIMA|FEMENINO|MAYOR DE EDAD (18 AÑOS A MÁS)|2025|OCTUBRE|EMITIDO|454|2026-08-05
LIMA - MIGRACENTRO VILLA MARÍA|VILLA MARIA DEL TRIUNFO|LIMA|LIMA|FEMENINO|MENOR DE EDAD (0 A 17 AÑOS)|2025|OCTUBRE|EMITIDO|104|2026-08-05
LIMA - MIGRACENTRO VILLA MARÍA|VILLA MARIA DEL TRIUNFO|LIMA|LIMA|MASCULINO|MAYOR DE EDAD (18 AÑOS A MÁS)|2025|OCTUBRE|EMITIDO|392|2026-08-05
LIMA - MIGRACENTRO VILLA MARÍA|VILLA MARIA DEL TRIUNFO|LIMA|LIMA|MASCULINO|MENOR DE EDAD (0 A 17 AÑOS)|2025|OCTUBRE|EMITIDO|126|2026-08-05
MAC AREQUIPA PORONGOCHE|PAUCARPATA|AREQUIPA|AREQUIPA|FEMENINO|MAYOR DE EDAD (18 AÑOS A MÁS)|2025|OCTUBRE|EMITIDO|1427|2026-08-05
MAC AREQUIPA PORONGOCHE|PAUCARPATA|AREQUIPA|AREQUIPA|FEMENINO|MENOR DE EDAD (0 A 17 AÑOS)|2025|OCTUBRE|EMITIDO|293|2026-08-05
MAC AREQUIPA PORONGOCHE|PAUCARPATA|AREQUIPA|AREQUIPA|MASCULINO|MAYOR DE EDAD (18 AÑOS A MÁS)|2025|OCTUBRE|EMITIDO|1124|2026-08-05
MAC AREQUIPA PORONGOCHE|PAUCARPATA|AREQUIPA|AREQUIPA|MASCULINO|MENOR DE EDAD (0 A 17 AÑOS)|2025|OCTUBRE|EMITIDO|259|2026-08-05
MAC CAJAMARCA|CAJAMARCA|CAJAMARCA|CAJAMARCA|FEMENINO|MAYOR DE EDAD (18 AÑOS A MÁS)|2025|OCTUBRE|EMITIDO|212|2026-08-05
MAC CAJAMARCA|CAJAMARCA|CAJAMARCA|CAJAMARCA|FEMENINO|MENOR DE EDAD (0 A 17 AÑOS)|2025|OCTUBRE|EMITIDO|50|2026-08-05
MAC CAJAMARCA|CAJAMARCA|CAJAMARCA|CAJAMARCA|MASCULINO|MAYOR DE EDAD (18 AÑOS A MÁS)|2025|OCTUBRE|EMITIDO|209|2026-08-05
MAC CAJAMARCA|CAJAMARCA|CAJAMARCA|CAJAMARCA|MASCULINO|MENOR DE EDAD (0 A 17 AÑOS)|2025|OCTUBRE|EMITIDO|66|2026-08-05
MAC HUANUCO|HUANUCO|HUANUCO|HUANUCO|FEMENINO|MAYOR DE EDAD (18 AÑOS A MÁS)|2025|OCTUBRE|EMITIDO|208|2026-08-05
MAC HUANUCO|HUANUCO|HUANUCO|HUANUCO|FEMENINO|MENOR DE EDAD (0 A 17 AÑOS)|2025|OCTUBRE|EMITIDO|40|2026-08-05
MAC HUANUCO|HUANUCO|HUANUCO|HUANUCO|MASCULINO|MAYOR DE EDAD (18 AÑOS A MÁS)|2025|OCTUBRE|EMITIDO|175|2026-08-05
MAC HUANUCO|HUANUCO|HUANUCO|HUANUCO|MASCULINO|MENOR DE EDAD (0 A 17 AÑOS)|2025|OCTUBRE|EMITIDO|46|2026-08-05
MAC ICA|SAN ANDRES|PISCO|ICA|FEMENINO|MAYOR DE EDAD (18 AÑOS A MÁS)|2025|OCTUBRE|EMITIDO|424|2026-08-05
MAC ICA|SAN ANDRES|PISCO|ICA|FEMENINO|MENOR DE EDAD (0 A 17 AÑOS)|2025|OCTUBRE|EMITIDO|102|2026-08-05
MAC ICA|SAN ANDRES|PISCO|ICA|MASCULINO|MAYOR DE EDAD (18 AÑOS A MÁS)|2025|OCTUBRE|EMITIDO|355|2026-08-05
MAC ICA|SAN ANDRES|PISCO|ICA|MASCULINO|MENOR DE EDAD (0 A 17 AÑOS)|2025|OCTUBRE|EMITIDO|107|2026-08-05
MAC LIMA ESTE|SANTA ANITA|LIMA|LIMA|FEMENINO|MAYOR DE EDAD (18 AÑOS A MÁS)|2025|OCTUBRE|EMITIDO|1195|2026-08-05
MAC LIMA ESTE|SANTA ANITA|LIMA|LIMA|FEMENINO|MENOR DE EDAD (0 A 17 AÑOS)|2025|OCTUBRE|EMITIDO|237|2026-08-05
MAC LIMA ESTE|SANTA ANITA|LIMA|LIMA|MASCULINO|MAYOR DE EDAD (18 AÑOS A MÁS)|2025|OCTUBRE|EMITIDO|1095|2026-08-05
MAC LIMA ESTE|SANTA ANITA|LIMA|LIMA|MASCULINO|MENOR DE EDAD (0 A 17 AÑOS)|2025|OCTUBRE|EMITIDO|264|2026-08-05
MAC LIMA NORTE|COMAS|LIMA|LIMA|FEMENINO|MAYOR DE EDAD (18 AÑOS A MÁS)|2025|OCTUBRE|EMITIDO|3072|2026-08-05
MAC LIMA NORTE|COMAS|LIMA|LIMA|FEMENINO|MENOR DE EDAD (0 A 17 AÑOS)|2025|OCTUBRE|EMITIDO|647|2026-08-05
MAC LIMA NORTE|COMAS|LIMA|LIMA|MASCULINO|MAYOR DE EDAD (18 AÑOS A MÁS)|2025|OCTUBRE|EMITIDO|2684|2026-08-05
MAC LIMA NORTE|COMAS|LIMA|LIMA|MASCULINO|MENOR DE EDAD (0 A 17 AÑOS)|2025|OCTUBRE|EMITIDO|644|2026-08-05
MAC LORETO|PUNCHANA|MAYNAS|LORETO|FEMENINO|MAYOR DE EDAD (18 AÑOS A MÁS)|2025|OCTUBRE|EMITIDO|259|2026-08-05
MAC LORETO|PUNCHANA|MAYNAS|LORETO|FEMENINO|MENOR DE EDAD (0 A 17 AÑOS)|2025|OCTUBRE|EMITIDO|50|2026-08-05
MAC LORETO|PUNCHANA|MAYNAS|LORETO|MASCULINO|MAYOR DE EDAD (18 AÑOS A MÁS)|2025|OCTUBRE|EMITIDO|195|2026-08-05
MAC LORETO|PUNCHANA|MAYNAS|LORETO|MASCULINO|MENOR DE EDAD (0 A 17 AÑOS)|2025|OCTUBRE|EMITIDO|44|2026-08-05
MAC MOQUEGUA|ILO|ILO|MOQUEGUA|FEMENINO|MAYOR DE EDAD (18 AÑOS A MÁS)|2025|OCTUBRE|EMITIDO|92|2026-08-05
MAC MOQUEGUA|ILO|ILO|MOQUEGUA|FEMENINO|MENOR DE EDAD (0 A 17 AÑOS)|2025|OCTUBRE|EMITIDO|12|2026-08-05
MAC MOQUEGUA|ILO|ILO|MOQUEGUA|MASCULINO|MAYOR DE EDAD (18 AÑOS A MÁS)|2025|OCTUBRE|EMITIDO|83|2026-08-05
MAC MOQUEGUA|ILO|ILO|MOQUEGUA|MASCULINO|MENOR DE EDAD (0 A 17 AÑOS)|2025|OCTUBRE|EMITIDO|15|2026-08-05
MAC UCAYALI|YARINACOCHA|CORONEL PORTILLO|UCAYALI|FEMENINO|MAYOR DE EDAD (18 AÑOS A MÁS)|2025|OCTUBRE|EMITIDO|242|2026-08-05
MAC UCAYALI|YARINACOCHA|CORONEL PORTILLO|UCAYALI|FEMENINO|MENOR DE EDAD (0 A 17 AÑOS)|2025|OCTUBRE|EMITIDO|67|2026-08-05
MAC UCAYALI|YARINACOCHA|CORONEL PORTILLO|UCAYALI|MASCULINO|MAYOR DE EDAD (18 AÑOS A MÁS)|2025|OCTUBRE|EMITIDO|224|2026-08-05
MAC UCAYALI|YARINACOCHA|CORONEL PORTILLO|UCAYALI|MASCULINO|MENOR DE EDAD (0 A 17 AÑOS)|2025|OCTUBRE|EMITIDO|41|2026-08-05
MIGRACENTRO REAL PLAZA PRIMAVERA|SAN BORJA|LIMA|LIMA|FEMENINO|MAYOR DE EDAD (18 AÑOS A MÁS)|2025|OCTUBRE|EMITIDO|2053|2026-08-05
MIGRACENTRO REAL PLAZA PRIMAVERA|SAN BORJA|LIMA|LIMA|FEMENINO|MENOR DE EDAD (0 A 17 AÑOS)|2025|OCTUBRE|EMITIDO|344|2026-08-05
MIGRACENTRO REAL PLAZA PRIMAVERA|SAN BORJA|LIMA|LIMA|MASCULINO|MAYOR DE EDAD (18 AÑOS A MÁS)|2025|OCTUBRE|EMITIDO|1557|2026-08-05
MIGRACENTRO REAL PLAZA PRIMAVERA|SAN BORJA|LIMA|LIMA|MASCULINO|MENOR DE EDAD (0 A 17 AÑOS)|2025|OCTUBRE|EMITIDO|353|2026-08-05
PIURA|PIURA|PIURA|PIURA|FEMENINO|MAYOR DE EDAD (18 AÑOS A MÁS)|2025|OCTUBRE|EMITIDO|568|2026-08-05
PIURA|PIURA|PIURA|PIURA|FEMENINO|MENOR DE EDAD (0 A 17 AÑOS)|2025|OCTUBRE|EMITIDO|123|2026-08-05
PIURA|PIURA|PIURA|PIURA|MASCULINO|MAYOR DE EDAD (18 AÑOS A MÁS)|2025|OCTUBRE|EMITIDO|608|2026-08-05
PIURA|PIURA|PIURA|PIURA|MASCULINO|MENOR DE EDAD (0 A 17 AÑOS)|2025|OCTUBRE|EMITIDO|114|2026-08-05
PTO MALDON.|TAMBOPATA|TAMBOPATA|MADRE DE DIOS|FEMENINO|MAYOR DE EDAD (18 AÑOS A MÁS)|2025|OCTUBRE|EMITIDO|112|2026-08-05
PTO MALDON.|TAMBOPATA|TAMBOPATA|MADRE DE DIOS|FEMENINO|MENOR DE EDAD (0 A 17 AÑOS)|2025|OCTUBRE|EMITIDO|28|2026-08-05
PTO MALDON.|TAMBOPATA|TAMBOPATA|MADRE DE DIOS|MASCULINO|MAYOR DE EDAD (18 AÑOS A MÁS)|2025|OCTUBRE|EMITIDO|102|2026-08-05
PTO MALDON.|TAMBOPATA|TAMBOPATA|MADRE DE DIOS|MASCULINO|MENOR DE EDAD (0 A 17 AÑOS)|2025|OCTUBRE|EMITIDO|27|2026-08-05
PUERTO CALLAO|CALLAO|CALLAO|CALLAO|FEMENINO|MAYOR DE EDAD (18 AÑOS A MÁS)|2025|OCTUBRE|EMITIDO|2171|2026-08-05
PUERTO CALLAO|CALLAO|CALLAO|CALLAO|FEMENINO|MENOR DE EDAD (0 A 17 AÑOS)|2025|OCTUBRE|EMITIDO|499|2026-08-05
PUERTO CALLAO|CALLAO|CALLAO|CALLAO|MASCULINO|MAYOR DE EDAD (18 AÑOS A MÁS)|2025|OCTUBRE|EMITIDO|1960|2026-08-05
PUERTO CALLAO|CALLAO|CALLAO|CALLAO|MASCULINO|MENOR DE EDAD (0 A 17 AÑOS)|2025|OCTUBRE|EMITIDO|461|2026-08-05
PUNO|PUNO|PUNO|PUNO|FEMENINO|MAYOR DE EDAD (18 AÑOS A MÁS)|2025|OCTUBRE|EMITIDO|206|2026-08-05
PUNO|PUNO|PUNO|PUNO|FEMENINO|MENOR DE EDAD (0 A 17 AÑOS)|2025|OCTUBRE|EMITIDO|58|2026-08-05
PUNO|PUNO|PUNO|PUNO|MASCULINO|MAYOR DE EDAD (18 AÑOS A MÁS)|2025|OCTUBRE|EMITIDO|251|2026-08-05
PUNO|PUNO|PUNO|PUNO|MASCULINO|MENOR DE EDAD (0 A 17 AÑOS)|2025|OCTUBRE|EMITIDO|54|2026-08-05
PURUCHUCO|ATE|LIMA|LIMA|FEMENINO|MAYOR DE EDAD (18 AÑOS A MÁS)|2025|OCTUBRE|EMITIDO|853|2026-08-05
PURUCHUCO|ATE|LIMA|LIMA|FEMENINO|MENOR DE EDAD (0 A 17 AÑOS)|2025|OCTUBRE|EMITIDO|172|2026-08-05
PURUCHUCO|ATE|LIMA|LIMA|MASCULINO|MAYOR DE EDAD (18 AÑOS A MÁS)|2025|OCTUBRE|EMITIDO|793|2026-08-05
PURUCHUCO|ATE|LIMA|LIMA|MASCULINO|MENOR DE EDAD (0 A 17 AÑOS)|2025|OCTUBRE|EMITIDO|216|2026-08-05
SJMIRAFLORES|SAN JUAN DE MIRAFLORES|LIMA|LIMA|FEMENINO|MAYOR DE EDAD (18 AÑOS A MÁS)|2025|OCTUBRE|EMITIDO|1860|2026-08-05
SJMIRAFLORES|SAN JUAN DE MIRAFLORES|LIMA|LIMA|FEMENINO|MENOR DE EDAD (0 A 17 AÑOS)|2025|OCTUBRE|EMITIDO|465|2026-08-05
SJMIRAFLORES|SAN JUAN DE MIRAFLORES|LIMA|LIMA|MASCULINO|MAYOR DE EDAD (18 AÑOS A MÁS)|2025|OCTUBRE|EMITIDO|1622|2026-08-05
SJMIRAFLORES|SAN JUAN DE MIRAFLORES|LIMA|LIMA|MASCULINO|MENOR DE EDAD (0 A 17 AÑOS)|2025|OCTUBRE|EMITIDO|435|2026-08-05
SURCO|SURCO|LIMA|LIMA|FEMENINO|MAYOR DE EDAD (18 AÑOS A MÁS)|2025|OCTUBRE|EMITIDO|4993|2026-08-05
SURCO|SURCO|LIMA|LIMA|FEMENINO|MENOR DE EDAD (0 A 17 AÑOS)|2025|OCTUBRE|EMITIDO|1088|2026-08-05
SURCO|SURCO|LIMA|LIMA|MASCULINO|MAYOR DE EDAD (18 AÑOS A MÁS)|2025|OCTUBRE|EMITIDO|3965|2026-08-05
SURCO|SURCO|LIMA|LIMA|MASCULINO|MENOR DE EDAD (0 A 17 AÑOS)|2025|OCTUBRE|EMITIDO|1037|2026-08-05
TACNA|TACNA|TACNA|TACNA|FEMENINO|MAYOR DE EDAD (18 AÑOS A MÁS)|2025|OCTUBRE|EMITIDO|361|2026-08-05
TACNA|TACNA|TACNA|TACNA|FEMENINO|MENOR DE EDAD (0 A 17 AÑOS)|2025|OCTUBRE|EMITIDO|65|2026-08-05
TACNA|TACNA|TACNA|TACNA|MASCULINO|MAYOR DE EDAD (18 AÑOS A MÁS)|2025|OCTUBRE|EMITIDO|387|2026-08-05
TACNA|TACNA|TACNA|TACNA|MASCULINO|MENOR DE EDAD (0 A 17 AÑOS)|2025|OCTUBRE|EMITIDO|55|2026-08-05
TARAPOTO|TARAPOTO|SAN MARTIN|SAN MARTIN|FEMENINO|MAYOR DE EDAD (18 AÑOS A MÁS)|2025|OCTUBRE|EMITIDO|351|2026-08-05
TARAPOTO|TARAPOTO|SAN MARTIN|SAN MARTIN|FEMENINO|MENOR DE EDAD (0 A 17 AÑOS)|2025|OCTUBRE|EMITIDO|69|2026-08-05
TARAPOTO|TARAPOTO|SAN MARTIN|SAN MARTIN|MASCULINO|MAYOR DE EDAD (18 AÑOS A MÁS)|2025|OCTUBRE|EMITIDO|278|2026-08-05
TARAPOTO|TARAPOTO|SAN MARTIN|SAN MARTIN|MASCULINO|MENOR DE EDAD (0 A 17 AÑOS)|2025|OCTUBRE|EMITIDO|70|2026-08-05
TRUJILLO|TRUJILLO|TRUJILLO|LA LIBERTAD|FEMENINO|MAYOR DE EDAD (18 AÑOS A MÁS)|2025|OCTUBRE|EMITIDO|1273|2026-08-05
TRUJILLO|TRUJILLO|TRUJILLO|LA LIBERTAD|FEMENINO|MENOR DE EDAD (0 A 17 AÑOS)|2025|OCTUBRE|EMITIDO|262|2026-08-05
TRUJILLO|TRUJILLO|TRUJILLO|LA LIBERTAD|MASCULINO|MAYOR DE EDAD (18 AÑOS A MÁS)|2025|OCTUBRE|EMITIDO|1015|2026-08-05
TRUJILLO|TRUJILLO|TRUJILLO|LA LIBERTAD|MASCULINO|MENOR DE EDAD (0 A 17 AÑOS)|2025|OCTUBRE|EMITIDO|300|2026-08-05
TUMBES|TUMBES|TUMBES|TUMBES|FEMENINO|MAYOR DE EDAD (18 AÑOS A MÁS)|2025|OCTUBRE|EMITIDO|106|2026-08-05
TUMBES|TUMBES|TUMBES|TUMBES|FEMENINO|MENOR DE EDAD (0 A 17 AÑOS)|2025|OCTUBRE|EMITIDO|31|2026-08-05
TUMBES|TUMBES|TUMBES|TUMBES|MASCULINO|MAYOR DE EDAD (18 AÑOS A MÁS)|2025|OCTUBRE|EMITIDO|124|2026-08-05
TUMBES|TUMBES|TUMBES|TUMBES|MASCULINO|MENOR DE EDAD (0 A 17 AÑOS)|2025|OCTUBRE|EMITIDO|19|2026-08-05
VENTANILLA|VENTANILLA|CALLAO|CALLAO|FEMENINO|MAYOR DE EDAD (18 AÑOS A MÁS)|2025|OCTUBRE|EMITIDO|462|2026-08-05
VENTANILLA|VENTANILLA|CALLAO|CALLAO|FEMENINO|MENOR DE EDAD (0 A 17 AÑOS)|2025|OCTUBRE|EMITIDO|129|2026-08-05
VENTANILLA|VENTANILLA|CALLAO|CALLAO|MASCULINO|MAYOR DE EDAD (18 AÑOS A MÁS)|2025|OCTUBRE|EMITIDO|408|2026-08-05
VENTANILLA|VENTANILLA|CALLAO|CALLAO|MASCULINO|MENOR DE EDAD (0 A 17 AÑOS)|2025|OCTUBRE|EMITIDO|120|2026-08-05
A.I.J.CH.|CALLAO|CALLAO|CALLAO|FEMENINO|MAYOR DE EDAD (18 AÑOS A MÁS)|2025|NOVIEMBRE|EMITIDO|417|2026-08-05
A.I.J.CH.|CALLAO|CALLAO|CALLAO|FEMENINO|MENOR DE EDAD (0 A 17 AÑOS)|2025|NOVIEMBRE|EMITIDO|44|2026-08-05
A.I.J.CH.|CALLAO|CALLAO|CALLAO|MASCULINO|MAYOR DE EDAD (18 AÑOS A MÁS)|2025|NOVIEMBRE|EMITIDO|443|2026-08-05
A.I.J.CH.|CALLAO|CALLAO|CALLAO|MASCULINO|MENOR DE EDAD (0 A 17 AÑOS)|2025|NOVIEMBRE|EMITIDO|48|2026-08-05
AGENCIA DE ATENCIÓN AL CIUDADANO MAC AYACUCHO|AYACUCHO|HUAMANGA|AYACUCHO|FEMENINO|MAYOR DE EDAD (18 AÑOS A MÁS)|2025|NOVIEMBRE|EMITIDO|213|2026-08-05
AGENCIA DE ATENCIÓN AL CIUDADANO MAC AYACUCHO|AYACUCHO|HUAMANGA|AYACUCHO|FEMENINO|MENOR DE EDAD (0 A 17 AÑOS)|2025|NOVIEMBRE|EMITIDO|37|2026-08-05
AGENCIA DE ATENCIÓN AL CIUDADANO MAC AYACUCHO|AYACUCHO|HUAMANGA|AYACUCHO|MASCULINO|MAYOR DE EDAD (18 AÑOS A MÁS)|2025|NOVIEMBRE|EMITIDO|163|2026-08-05
AGENCIA DE ATENCIÓN AL CIUDADANO MAC AYACUCHO|AYACUCHO|HUAMANGA|AYACUCHO|MASCULINO|MENOR DE EDAD (0 A 17 AÑOS)|2025|NOVIEMBRE|EMITIDO|40|2026-08-05
CHICLAYO|CHICLAYO|CHICLAYO|LAMBAYEQUE|FEMENINO|MAYOR DE EDAD (18 AÑOS A MÁS)|2025|NOVIEMBRE|EMITIDO|835|2026-08-05
CHICLAYO|CHICLAYO|CHICLAYO|LAMBAYEQUE|FEMENINO|MENOR DE EDAD (0 A 17 AÑOS)|2025|NOVIEMBRE|EMITIDO|155|2026-08-05
CHICLAYO|CHICLAYO|CHICLAYO|LAMBAYEQUE|MASCULINO|MAYOR DE EDAD (18 AÑOS A MÁS)|2025|NOVIEMBRE|EMITIDO|702|2026-08-05
CHICLAYO|CHICLAYO|CHICLAYO|LAMBAYEQUE|MASCULINO|MENOR DE EDAD (0 A 17 AÑOS)|2025|NOVIEMBRE|EMITIDO|147|2026-08-05
CHIMBOTE|CHIMBOTE|SANTA|ANCASH|FEMENINO|MAYOR DE EDAD (18 AÑOS A MÁS)|2025|NOVIEMBRE|EMITIDO|342|2026-08-05
CHIMBOTE|CHIMBOTE|SANTA|ANCASH|FEMENINO|MENOR DE EDAD (0 A 17 AÑOS)|2025|NOVIEMBRE|EMITIDO|64|2026-08-05
CHIMBOTE|CHIMBOTE|SANTA|ANCASH|MASCULINO|MAYOR DE EDAD (18 AÑOS A MÁS)|2025|NOVIEMBRE|EMITIDO|353|2026-08-05
CHIMBOTE|CHIMBOTE|SANTA|ANCASH|MASCULINO|MENOR DE EDAD (0 A 17 AÑOS)|2025|NOVIEMBRE|EMITIDO|54|2026-08-05
CUSCO|CUSCO|CUSCO|CUSCO|FEMENINO|MAYOR DE EDAD (18 AÑOS A MÁS)|2025|NOVIEMBRE|EMITIDO|716|2026-08-05
CUSCO|CUSCO|CUSCO|CUSCO|FEMENINO|MENOR DE EDAD (0 A 17 AÑOS)|2025|NOVIEMBRE|EMITIDO|161|2026-08-05
CUSCO|CUSCO|CUSCO|CUSCO|MASCULINO|MAYOR DE EDAD (18 AÑOS A MÁS)|2025|NOVIEMBRE|EMITIDO|516|2026-08-05
CUSCO|CUSCO|CUSCO|CUSCO|MASCULINO|MENOR DE EDAD (0 A 17 AÑOS)|2025|NOVIEMBRE|EMITIDO|169|2026-08-05
HUANCAYO|HUANCAYO|HUANCAYO|JUNIN|FEMENINO|MAYOR DE EDAD (18 AÑOS A MÁS)|2025|NOVIEMBRE|EMITIDO|646|2026-08-05
HUANCAYO|HUANCAYO|HUANCAYO|JUNIN|FEMENINO|MENOR DE EDAD (0 A 17 AÑOS)|2025|NOVIEMBRE|EMITIDO|138|2026-08-05
HUANCAYO|HUANCAYO|HUANCAYO|JUNIN|MASCULINO|MAYOR DE EDAD (18 AÑOS A MÁS)|2025|NOVIEMBRE|EMITIDO|580|2026-08-05
HUANCAYO|HUANCAYO|HUANCAYO|JUNIN|MASCULINO|MENOR DE EDAD (0 A 17 AÑOS)|2025|NOVIEMBRE|EMITIDO|140|2026-08-05
LIMA|LIMA|LIMA|LIMA|FEMENINO|MAYOR DE EDAD (18 AÑOS A MÁS)|2025|NOVIEMBRE|EMITIDO|288|2026-08-05
LIMA|LIMA|LIMA|LIMA|FEMENINO|MENOR DE EDAD (0 A 17 AÑOS)|2025|NOVIEMBRE|EMITIDO|43|2026-08-05
LIMA|LIMA|LIMA|LIMA|MASCULINO|MAYOR DE EDAD (18 AÑOS A MÁS)|2025|NOVIEMBRE|EMITIDO|240|2026-08-05
LIMA|LIMA|LIMA|LIMA|MASCULINO|MENOR DE EDAD (0 A 17 AÑOS)|2025|NOVIEMBRE|EMITIDO|51|2026-08-05
LIMA - MIGRACENTRO VILLA MARÍA|VILLA MARIA DEL TRIUNFO|LIMA|LIMA|FEMENINO|MAYOR DE EDAD (18 AÑOS A MÁS)|2025|NOVIEMBRE|EMITIDO|418|2026-08-05
LIMA - MIGRACENTRO VILLA MARÍA|VILLA MARIA DEL TRIUNFO|LIMA|LIMA|FEMENINO|MENOR DE EDAD (0 A 17 AÑOS)|2025|NOVIEMBRE|EMITIDO|97|2026-08-05
LIMA - MIGRACENTRO VILLA MARÍA|VILLA MARIA DEL TRIUNFO|LIMA|LIMA|MASCULINO|MAYOR DE EDAD (18 AÑOS A MÁS)|2025|NOVIEMBRE|EMITIDO|384|2026-08-05
LIMA - MIGRACENTRO VILLA MARÍA|VILLA MARIA DEL TRIUNFO|LIMA|LIMA|MASCULINO|MENOR DE EDAD (0 A 17 AÑOS)|2025|NOVIEMBRE|EMITIDO|111|2026-08-05
MAC AREQUIPA PORONGOCHE|PAUCARPATA|AREQUIPA|AREQUIPA|FEMENINO|MAYOR DE EDAD (18 AÑOS A MÁS)|2025|NOVIEMBRE|EMITIDO|1191|2026-08-05
MAC AREQUIPA PORONGOCHE|PAUCARPATA|AREQUIPA|AREQUIPA|FEMENINO|MENOR DE EDAD (0 A 17 AÑOS)|2025|NOVIEMBRE|EMITIDO|214|2026-08-05
MAC AREQUIPA PORONGOCHE|PAUCARPATA|AREQUIPA|AREQUIPA|MASCULINO|MAYOR DE EDAD (18 AÑOS A MÁS)|2025|NOVIEMBRE|EMITIDO|946|2026-08-05
MAC AREQUIPA PORONGOCHE|PAUCARPATA|AREQUIPA|AREQUIPA|MASCULINO|MENOR DE EDAD (0 A 17 AÑOS)|2025|NOVIEMBRE|EMITIDO|228|2026-08-05
MAC CAJAMARCA|CAJAMARCA|CAJAMARCA|CAJAMARCA|FEMENINO|MAYOR DE EDAD (18 AÑOS A MÁS)|2025|NOVIEMBRE|EMITIDO|200|2026-08-05
MAC CAJAMARCA|CAJAMARCA|CAJAMARCA|CAJAMARCA|FEMENINO|MENOR DE EDAD (0 A 17 AÑOS)|2025|NOVIEMBRE|EMITIDO|49|2026-08-05
MAC CAJAMARCA|CAJAMARCA|CAJAMARCA|CAJAMARCA|MASCULINO|MAYOR DE EDAD (18 AÑOS A MÁS)|2025|NOVIEMBRE|EMITIDO|177|2026-08-05
MAC CAJAMARCA|CAJAMARCA|CAJAMARCA|CAJAMARCA|MASCULINO|MENOR DE EDAD (0 A 17 AÑOS)|2025|NOVIEMBRE|EMITIDO|54|2026-08-05
MAC HUANUCO|HUANUCO|HUANUCO|HUANUCO|FEMENINO|MAYOR DE EDAD (18 AÑOS A MÁS)|2025|NOVIEMBRE|EMITIDO|171|2026-08-05
MAC HUANUCO|HUANUCO|HUANUCO|HUANUCO|FEMENINO|MENOR DE EDAD (0 A 17 AÑOS)|2025|NOVIEMBRE|EMITIDO|28|2026-08-05
MAC HUANUCO|HUANUCO|HUANUCO|HUANUCO|MASCULINO|MAYOR DE EDAD (18 AÑOS A MÁS)|2025|NOVIEMBRE|EMITIDO|152|2026-08-05
MAC HUANUCO|HUANUCO|HUANUCO|HUANUCO|MASCULINO|MENOR DE EDAD (0 A 17 AÑOS)|2025|NOVIEMBRE|EMITIDO|41|2026-08-05
MAC ICA|SAN ANDRES|PISCO|ICA|FEMENINO|MAYOR DE EDAD (18 AÑOS A MÁS)|2025|NOVIEMBRE|EMITIDO|411|2026-08-05
MAC ICA|SAN ANDRES|PISCO|ICA|FEMENINO|MENOR DE EDAD (0 A 17 AÑOS)|2025|NOVIEMBRE|EMITIDO|101|2026-08-05
MAC ICA|SAN ANDRES|PISCO|ICA|MASCULINO|MAYOR DE EDAD (18 AÑOS A MÁS)|2025|NOVIEMBRE|EMITIDO|362|2026-08-05
MAC ICA|SAN ANDRES|PISCO|ICA|MASCULINO|MENOR DE EDAD (0 A 17 AÑOS)|2025|NOVIEMBRE|EMITIDO|94|2026-08-05
MAC LIMA ESTE|SANTA ANITA|LIMA|LIMA|FEMENINO|MAYOR DE EDAD (18 AÑOS A MÁS)|2025|NOVIEMBRE|EMITIDO|1157|2026-08-05
MAC LIMA ESTE|SANTA ANITA|LIMA|LIMA|FEMENINO|MENOR DE EDAD (0 A 17 AÑOS)|2025|NOVIEMBRE|EMITIDO|235|2026-08-05
MAC LIMA ESTE|SANTA ANITA|LIMA|LIMA|MASCULINO|MAYOR DE EDAD (18 AÑOS A MÁS)|2025|NOVIEMBRE|EMITIDO|1036|2026-08-05
MAC LIMA ESTE|SANTA ANITA|LIMA|LIMA|MASCULINO|MENOR DE EDAD (0 A 17 AÑOS)|2025|NOVIEMBRE|EMITIDO|234|2026-08-05
MAC LIMA NORTE|COMAS|LIMA|LIMA|FEMENINO|MAYOR DE EDAD (18 AÑOS A MÁS)|2025|NOVIEMBRE|EMITIDO|2545|2026-08-05
MAC LIMA NORTE|COMAS|LIMA|LIMA|FEMENINO|MENOR DE EDAD (0 A 17 AÑOS)|2025|NOVIEMBRE|EMITIDO|496|2026-08-05
MAC LIMA NORTE|COMAS|LIMA|LIMA|MASCULINO|MAYOR DE EDAD (18 AÑOS A MÁS)|2025|NOVIEMBRE|EMITIDO|2243|2026-08-05
MAC LIMA NORTE|COMAS|LIMA|LIMA|MASCULINO|MENOR DE EDAD (0 A 17 AÑOS)|2025|NOVIEMBRE|EMITIDO|544|2026-08-05
MAC LORETO|PUNCHANA|MAYNAS|LORETO|FEMENINO|MAYOR DE EDAD (18 AÑOS A MÁS)|2025|NOVIEMBRE|EMITIDO|195|2026-08-05
MAC LORETO|PUNCHANA|MAYNAS|LORETO|FEMENINO|MENOR DE EDAD (0 A 17 AÑOS)|2025|NOVIEMBRE|EMITIDO|52|2026-08-05
MAC LORETO|PUNCHANA|MAYNAS|LORETO|MASCULINO|MAYOR DE EDAD (18 AÑOS A MÁS)|2025|NOVIEMBRE|EMITIDO|168|2026-08-05
MAC LORETO|PUNCHANA|MAYNAS|LORETO|MASCULINO|MENOR DE EDAD (0 A 17 AÑOS)|2025|NOVIEMBRE|EMITIDO|56|2026-08-05
MAC MOQUEGUA|ILO|ILO|MOQUEGUA|FEMENINO|MAYOR DE EDAD (18 AÑOS A MÁS)|2025|NOVIEMBRE|EMITIDO|70|2026-08-05
MAC MOQUEGUA|ILO|ILO|MOQUEGUA|FEMENINO|MENOR DE EDAD (0 A 17 AÑOS)|2025|NOVIEMBRE|EMITIDO|19|2026-08-05
MAC MOQUEGUA|ILO|ILO|MOQUEGUA|MASCULINO|MAYOR DE EDAD (18 AÑOS A MÁS)|2025|NOVIEMBRE|EMITIDO|93|2026-08-05
MAC MOQUEGUA|ILO|ILO|MOQUEGUA|MASCULINO|MENOR DE EDAD (0 A 17 AÑOS)|2025|NOVIEMBRE|EMITIDO|15|2026-08-05
MAC UCAYALI|YARINACOCHA|CORONEL PORTILLO|UCAYALI|FEMENINO|MAYOR DE EDAD (18 AÑOS A MÁS)|2025|NOVIEMBRE|EMITIDO|221|2026-08-05
MAC UCAYALI|YARINACOCHA|CORONEL PORTILLO|UCAYALI|FEMENINO|MENOR DE EDAD (0 A 17 AÑOS)|2025|NOVIEMBRE|EMITIDO|42|2026-08-05
MAC UCAYALI|YARINACOCHA|CORONEL PORTILLO|UCAYALI|MASCULINO|MAYOR DE EDAD (18 AÑOS A MÁS)|2025|NOVIEMBRE|EMITIDO|198|2026-08-05
MAC UCAYALI|YARINACOCHA|CORONEL PORTILLO|UCAYALI|MASCULINO|MENOR DE EDAD (0 A 17 AÑOS)|2025|NOVIEMBRE|EMITIDO|42|2026-08-05
MIGRACENTRO REAL PLAZA PRIMAVERA|SAN BORJA|LIMA|LIMA|FEMENINO|MAYOR DE EDAD (18 AÑOS A MÁS)|2025|NOVIEMBRE|EMITIDO|1806|2026-08-05
MIGRACENTRO REAL PLAZA PRIMAVERA|SAN BORJA|LIMA|LIMA|FEMENINO|MENOR DE EDAD (0 A 17 AÑOS)|2025|NOVIEMBRE|EMITIDO|266|2026-08-05
MIGRACENTRO REAL PLAZA PRIMAVERA|SAN BORJA|LIMA|LIMA|MASCULINO|MAYOR DE EDAD (18 AÑOS A MÁS)|2025|NOVIEMBRE|EMITIDO|1451|2026-08-05
MIGRACENTRO REAL PLAZA PRIMAVERA|SAN BORJA|LIMA|LIMA|MASCULINO|MENOR DE EDAD (0 A 17 AÑOS)|2025|NOVIEMBRE|EMITIDO|282|2026-08-05
PIURA|PIURA|PIURA|PIURA|FEMENINO|MAYOR DE EDAD (18 AÑOS A MÁS)|2025|NOVIEMBRE|EMITIDO|629|2026-08-05
PIURA|PIURA|PIURA|PIURA|FEMENINO|MENOR DE EDAD (0 A 17 AÑOS)|2025|NOVIEMBRE|EMITIDO|128|2026-08-05
PIURA|PIURA|PIURA|PIURA|MASCULINO|MAYOR DE EDAD (18 AÑOS A MÁS)|2025|NOVIEMBRE|EMITIDO|599|2026-08-05
PIURA|PIURA|PIURA|PIURA|MASCULINO|MENOR DE EDAD (0 A 17 AÑOS)|2025|NOVIEMBRE|EMITIDO|112|2026-08-05
PTO MALDON.|TAMBOPATA|TAMBOPATA|MADRE DE DIOS|FEMENINO|MAYOR DE EDAD (18 AÑOS A MÁS)|2025|NOVIEMBRE|EMITIDO|140|2026-08-05
PTO MALDON.|TAMBOPATA|TAMBOPATA|MADRE DE DIOS|FEMENINO|MENOR DE EDAD (0 A 17 AÑOS)|2025|NOVIEMBRE|EMITIDO|38|2026-08-05
PTO MALDON.|TAMBOPATA|TAMBOPATA|MADRE DE DIOS|MASCULINO|MAYOR DE EDAD (18 AÑOS A MÁS)|2025|NOVIEMBRE|EMITIDO|127|2026-08-05
PTO MALDON.|TAMBOPATA|TAMBOPATA|MADRE DE DIOS|MASCULINO|MENOR DE EDAD (0 A 17 AÑOS)|2025|NOVIEMBRE|EMITIDO|29|2026-08-05
PUERTO CALLAO|CALLAO|CALLAO|CALLAO|FEMENINO|MAYOR DE EDAD (18 AÑOS A MÁS)|2025|NOVIEMBRE|EMITIDO|2113|2026-08-05
PUERTO CALLAO|CALLAO|CALLAO|CALLAO|FEMENINO|MENOR DE EDAD (0 A 17 AÑOS)|2025|NOVIEMBRE|EMITIDO|441|2026-08-05
PUERTO CALLAO|CALLAO|CALLAO|CALLAO|MASCULINO|MAYOR DE EDAD (18 AÑOS A MÁS)|2025|NOVIEMBRE|EMITIDO|1777|2026-08-05
PUERTO CALLAO|CALLAO|CALLAO|CALLAO|MASCULINO|MENOR DE EDAD (0 A 17 AÑOS)|2025|NOVIEMBRE|EMITIDO|418|2026-08-05
PUNO|PUNO|PUNO|PUNO|FEMENINO|MAYOR DE EDAD (18 AÑOS A MÁS)|2025|NOVIEMBRE|EMITIDO|249|2026-08-05
PUNO|PUNO|PUNO|PUNO|FEMENINO|MENOR DE EDAD (0 A 17 AÑOS)|2025|NOVIEMBRE|EMITIDO|31|2026-08-05
PUNO|PUNO|PUNO|PUNO|MASCULINO|MAYOR DE EDAD (18 AÑOS A MÁS)|2025|NOVIEMBRE|EMITIDO|247|2026-08-05
PUNO|PUNO|PUNO|PUNO|MASCULINO|MENOR DE EDAD (0 A 17 AÑOS)|2025|NOVIEMBRE|EMITIDO|39|2026-08-05
PURUCHUCO|ATE|LIMA|LIMA|FEMENINO|MAYOR DE EDAD (18 AÑOS A MÁS)|2025|NOVIEMBRE|EMITIDO|876|2026-08-05
PURUCHUCO|ATE|LIMA|LIMA|FEMENINO|MENOR DE EDAD (0 A 17 AÑOS)|2025|NOVIEMBRE|EMITIDO|188|2026-08-05
PURUCHUCO|ATE|LIMA|LIMA|MASCULINO|MAYOR DE EDAD (18 AÑOS A MÁS)|2025|NOVIEMBRE|EMITIDO|770|2026-08-05
PURUCHUCO|ATE|LIMA|LIMA|MASCULINO|MENOR DE EDAD (0 A 17 AÑOS)|2025|NOVIEMBRE|EMITIDO|221|2026-08-05
SJMIRAFLORES|SAN JUAN DE MIRAFLORES|LIMA|LIMA|FEMENINO|MAYOR DE EDAD (18 AÑOS A MÁS)|2025|NOVIEMBRE|EMITIDO|1730|2026-08-05
SJMIRAFLORES|SAN JUAN DE MIRAFLORES|LIMA|LIMA|FEMENINO|MENOR DE EDAD (0 A 17 AÑOS)|2025|NOVIEMBRE|EMITIDO|388|2026-08-05
SJMIRAFLORES|SAN JUAN DE MIRAFLORES|LIMA|LIMA|MASCULINO|MAYOR DE EDAD (18 AÑOS A MÁS)|2025|NOVIEMBRE|EMITIDO|1505|2026-08-05
SJMIRAFLORES|SAN JUAN DE MIRAFLORES|LIMA|LIMA|MASCULINO|MENOR DE EDAD (0 A 17 AÑOS)|2025|NOVIEMBRE|EMITIDO|370|2026-08-05
SURCO|SURCO|LIMA|LIMA|FEMENINO|MAYOR DE EDAD (18 AÑOS A MÁS)|2025|NOVIEMBRE|EMITIDO|5391|2026-08-05
SURCO|SURCO|LIMA|LIMA|FEMENINO|MENOR DE EDAD (0 A 17 AÑOS)|2025|NOVIEMBRE|EMITIDO|1084|2026-08-05
SURCO|SURCO|LIMA|LIMA|MASCULINO|MAYOR DE EDAD (18 AÑOS A MÁS)|2025|NOVIEMBRE|EMITIDO|4318|2026-08-05
SURCO|SURCO|LIMA|LIMA|MASCULINO|MENOR DE EDAD (0 A 17 AÑOS)|2025|NOVIEMBRE|EMITIDO|1036|2026-08-05
TACNA|TACNA|TACNA|TACNA|FEMENINO|MAYOR DE EDAD (18 AÑOS A MÁS)|2025|NOVIEMBRE|EMITIDO|370|2026-08-05
TACNA|TACNA|TACNA|TACNA|FEMENINO|MENOR DE EDAD (0 A 17 AÑOS)|2025|NOVIEMBRE|EMITIDO|48|2026-08-05
TACNA|TACNA|TACNA|TACNA|MASCULINO|MAYOR DE EDAD (18 AÑOS A MÁS)|2025|NOVIEMBRE|EMITIDO|353|2026-08-05
TACNA|TACNA|TACNA|TACNA|MASCULINO|MENOR DE EDAD (0 A 17 AÑOS)|2025|NOVIEMBRE|EMITIDO|46|2026-08-05
TARAPOTO|TARAPOTO|SAN MARTIN|SAN MARTIN|FEMENINO|MAYOR DE EDAD (18 AÑOS A MÁS)|2025|NOVIEMBRE|EMITIDO|351|2026-08-05
TARAPOTO|TARAPOTO|SAN MARTIN|SAN MARTIN|FEMENINO|MENOR DE EDAD (0 A 17 AÑOS)|2025|NOVIEMBRE|EMITIDO|78|2026-08-05
TARAPOTO|TARAPOTO|SAN MARTIN|SAN MARTIN|MASCULINO|MAYOR DE EDAD (18 AÑOS A MÁS)|2025|NOVIEMBRE|EMITIDO|264|2026-08-05
TARAPOTO|TARAPOTO|SAN MARTIN|SAN MARTIN|MASCULINO|MENOR DE EDAD (0 A 17 AÑOS)|2025|NOVIEMBRE|EMITIDO|85|2026-08-05
TRUJILLO|TRUJILLO|TRUJILLO|LA LIBERTAD|FEMENINO|MAYOR DE EDAD (18 AÑOS A MÁS)|2025|NOVIEMBRE|EMITIDO|1176|2026-08-05
TRUJILLO|TRUJILLO|TRUJILLO|LA LIBERTAD|FEMENINO|MENOR DE EDAD (0 A 17 AÑOS)|2025|NOVIEMBRE|EMITIDO|251|2026-08-05
TRUJILLO|TRUJILLO|TRUJILLO|LA LIBERTAD|MASCULINO|MAYOR DE EDAD (18 AÑOS A MÁS)|2025|NOVIEMBRE|EMITIDO|976|2026-08-05
TRUJILLO|TRUJILLO|TRUJILLO|LA LIBERTAD|MASCULINO|MENOR DE EDAD (0 A 17 AÑOS)|2025|NOVIEMBRE|EMITIDO|236|2026-08-05
TUMBES|TUMBES|TUMBES|TUMBES|FEMENINO|MAYOR DE EDAD (18 AÑOS A MÁS)|2025|NOVIEMBRE|EMITIDO|107|2026-08-05
TUMBES|TUMBES|TUMBES|TUMBES|FEMENINO|MENOR DE EDAD (0 A 17 AÑOS)|2025|NOVIEMBRE|EMITIDO|23|2026-08-05
TUMBES|TUMBES|TUMBES|TUMBES|MASCULINO|MAYOR DE EDAD (18 AÑOS A MÁS)|2025|NOVIEMBRE|EMITIDO|121|2026-08-05
TUMBES|TUMBES|TUMBES|TUMBES|MASCULINO|MENOR DE EDAD (0 A 17 AÑOS)|2025|NOVIEMBRE|EMITIDO|29|2026-08-05
VENTANILLA|VENTANILLA|CALLAO|CALLAO|FEMENINO|MAYOR DE EDAD (18 AÑOS A MÁS)|2025|NOVIEMBRE|EMITIDO|406|2026-08-05
VENTANILLA|VENTANILLA|CALLAO|CALLAO|FEMENINO|MENOR DE EDAD (0 A 17 AÑOS)|2025|NOVIEMBRE|EMITIDO|122|2026-08-05
VENTANILLA|VENTANILLA|CALLAO|CALLAO|MASCULINO|MAYOR DE EDAD (18 AÑOS A MÁS)|2025|NOVIEMBRE|EMITIDO|391|2026-08-05
VENTANILLA|VENTANILLA|CALLAO|CALLAO|MASCULINO|MENOR DE EDAD (0 A 17 AÑOS)|2025|NOVIEMBRE|EMITIDO|109|2026-08-05
A.I.J.CH.|CALLAO|CALLAO|CALLAO|FEMENINO|MAYOR DE EDAD (18 AÑOS A MÁS)|2025|DICIEMBRE|EMITIDO|578|2026-08-05
A.I.J.CH.|CALLAO|CALLAO|CALLAO|FEMENINO|MENOR DE EDAD (0 A 17 AÑOS)|2025|DICIEMBRE|EMITIDO|105|2026-08-05
A.I.J.CH.|CALLAO|CALLAO|CALLAO|MASCULINO|MAYOR DE EDAD (18 AÑOS A MÁS)|2025|DICIEMBRE|EMITIDO|564|2026-08-05
A.I.J.CH.|CALLAO|CALLAO|CALLAO|MASCULINO|MENOR DE EDAD (0 A 17 AÑOS)|2025|DICIEMBRE|EMITIDO|125|2026-08-05
AGENCIA DE ATENCIÓN AL CIUDADANO MAC AYACUCHO|AYACUCHO|HUAMANGA|AYACUCHO|FEMENINO|MAYOR DE EDAD (18 AÑOS A MÁS)|2025|DICIEMBRE|EMITIDO|239|2026-08-05
AGENCIA DE ATENCIÓN AL CIUDADANO MAC AYACUCHO|AYACUCHO|HUAMANGA|AYACUCHO|FEMENINO|MENOR DE EDAD (0 A 17 AÑOS)|2025|DICIEMBRE|EMITIDO|59|2026-08-05
AGENCIA DE ATENCIÓN AL CIUDADANO MAC AYACUCHO|AYACUCHO|HUAMANGA|AYACUCHO|MASCULINO|MAYOR DE EDAD (18 AÑOS A MÁS)|2025|DICIEMBRE|EMITIDO|183|2026-08-05
AGENCIA DE ATENCIÓN AL CIUDADANO MAC AYACUCHO|AYACUCHO|HUAMANGA|AYACUCHO|MASCULINO|MENOR DE EDAD (0 A 17 AÑOS)|2025|DICIEMBRE|EMITIDO|54|2026-08-05
CHICLAYO|CHICLAYO|CHICLAYO|LAMBAYEQUE|FEMENINO|MAYOR DE EDAD (18 AÑOS A MÁS)|2025|DICIEMBRE|EMITIDO|995|2026-08-05
CHICLAYO|CHICLAYO|CHICLAYO|LAMBAYEQUE|FEMENINO|MENOR DE EDAD (0 A 17 AÑOS)|2025|DICIEMBRE|EMITIDO|196|2026-08-05
CHICLAYO|CHICLAYO|CHICLAYO|LAMBAYEQUE|MASCULINO|MAYOR DE EDAD (18 AÑOS A MÁS)|2025|DICIEMBRE|EMITIDO|786|2026-08-05
CHICLAYO|CHICLAYO|CHICLAYO|LAMBAYEQUE|MASCULINO|MENOR DE EDAD (0 A 17 AÑOS)|2025|DICIEMBRE|EMITIDO|197|2026-08-05
CHIMBOTE|CHIMBOTE|SANTA|ANCASH|FEMENINO|MAYOR DE EDAD (18 AÑOS A MÁS)|2025|DICIEMBRE|EMITIDO|433|2026-08-05
CHIMBOTE|CHIMBOTE|SANTA|ANCASH|FEMENINO|MENOR DE EDAD (0 A 17 AÑOS)|2025|DICIEMBRE|EMITIDO|99|2026-08-05
CHIMBOTE|CHIMBOTE|SANTA|ANCASH|MASCULINO|MAYOR DE EDAD (18 AÑOS A MÁS)|2025|DICIEMBRE|EMITIDO|360|2026-08-05
CHIMBOTE|CHIMBOTE|SANTA|ANCASH|MASCULINO|MENOR DE EDAD (0 A 17 AÑOS)|2025|DICIEMBRE|EMITIDO|82|2026-08-05
CUSCO|CUSCO|CUSCO|CUSCO|FEMENINO|MAYOR DE EDAD (18 AÑOS A MÁS)|2025|DICIEMBRE|EMITIDO|814|2026-08-05
CUSCO|CUSCO|CUSCO|CUSCO|FEMENINO|MENOR DE EDAD (0 A 17 AÑOS)|2025|DICIEMBRE|EMITIDO|184|2026-08-05
CUSCO|CUSCO|CUSCO|CUSCO|MASCULINO|MAYOR DE EDAD (18 AÑOS A MÁS)|2025|DICIEMBRE|EMITIDO|655|2026-08-05
CUSCO|CUSCO|CUSCO|CUSCO|MASCULINO|MENOR DE EDAD (0 A 17 AÑOS)|2025|DICIEMBRE|EMITIDO|173|2026-08-05
HUANCAYO|HUANCAYO|HUANCAYO|JUNIN|FEMENINO|MAYOR DE EDAD (18 AÑOS A MÁS)|2025|DICIEMBRE|EMITIDO|615|2026-08-05
HUANCAYO|HUANCAYO|HUANCAYO|JUNIN|FEMENINO|MENOR DE EDAD (0 A 17 AÑOS)|2025|DICIEMBRE|EMITIDO|134|2026-08-05
HUANCAYO|HUANCAYO|HUANCAYO|JUNIN|MASCULINO|MAYOR DE EDAD (18 AÑOS A MÁS)|2025|DICIEMBRE|EMITIDO|619|2026-08-05
HUANCAYO|HUANCAYO|HUANCAYO|JUNIN|MASCULINO|MENOR DE EDAD (0 A 17 AÑOS)|2025|DICIEMBRE|EMITIDO|115|2026-08-05
LIMA|LIMA|LIMA|LIMA|FEMENINO|MAYOR DE EDAD (18 AÑOS A MÁS)|2025|DICIEMBRE|EMITIDO|399|2026-08-05
LIMA|LIMA|LIMA|LIMA|FEMENINO|MENOR DE EDAD (0 A 17 AÑOS)|2025|DICIEMBRE|EMITIDO|82|2026-08-05
LIMA|LIMA|LIMA|LIMA|MASCULINO|MAYOR DE EDAD (18 AÑOS A MÁS)|2025|DICIEMBRE|EMITIDO|334|2026-08-05
LIMA|LIMA|LIMA|LIMA|MASCULINO|MENOR DE EDAD (0 A 17 AÑOS)|2025|DICIEMBRE|EMITIDO|97|2026-08-05
LIMA - MIGRACENTRO VILLA MARÍA|VILLA MARIA DEL TRIUNFO|LIMA|LIMA|FEMENINO|MAYOR DE EDAD (18 AÑOS A MÁS)|2025|DICIEMBRE|EMITIDO|395|2026-08-05
LIMA - MIGRACENTRO VILLA MARÍA|VILLA MARIA DEL TRIUNFO|LIMA|LIMA|FEMENINO|MENOR DE EDAD (0 A 17 AÑOS)|2025|DICIEMBRE|EMITIDO|79|2026-08-05
LIMA - MIGRACENTRO VILLA MARÍA|VILLA MARIA DEL TRIUNFO|LIMA|LIMA|MASCULINO|MAYOR DE EDAD (18 AÑOS A MÁS)|2025|DICIEMBRE|EMITIDO|342|2026-08-05
LIMA - MIGRACENTRO VILLA MARÍA|VILLA MARIA DEL TRIUNFO|LIMA|LIMA|MASCULINO|MENOR DE EDAD (0 A 17 AÑOS)|2025|DICIEMBRE|EMITIDO|89|2026-08-05
MAC AREQUIPA PORONGOCHE|PAUCARPATA|AREQUIPA|AREQUIPA|FEMENINO|MAYOR DE EDAD (18 AÑOS A MÁS)|2025|DICIEMBRE|EMITIDO|1485|2026-08-05
MAC AREQUIPA PORONGOCHE|PAUCARPATA|AREQUIPA|AREQUIPA|FEMENINO|MENOR DE EDAD (0 A 17 AÑOS)|2025|DICIEMBRE|EMITIDO|309|2026-08-05
MAC AREQUIPA PORONGOCHE|PAUCARPATA|AREQUIPA|AREQUIPA|MASCULINO|MAYOR DE EDAD (18 AÑOS A MÁS)|2025|DICIEMBRE|EMITIDO|1168|2026-08-05
MAC AREQUIPA PORONGOCHE|PAUCARPATA|AREQUIPA|AREQUIPA|MASCULINO|MENOR DE EDAD (0 A 17 AÑOS)|2025|DICIEMBRE|EMITIDO|291|2026-08-05
MAC CAJAMARCA|CAJAMARCA|CAJAMARCA|CAJAMARCA|FEMENINO|MAYOR DE EDAD (18 AÑOS A MÁS)|2025|DICIEMBRE|EMITIDO|230|2026-08-05
MAC CAJAMARCA|CAJAMARCA|CAJAMARCA|CAJAMARCA|FEMENINO|MENOR DE EDAD (0 A 17 AÑOS)|2025|DICIEMBRE|EMITIDO|55|2026-08-05
MAC CAJAMARCA|CAJAMARCA|CAJAMARCA|CAJAMARCA|MASCULINO|MAYOR DE EDAD (18 AÑOS A MÁS)|2025|DICIEMBRE|EMITIDO|221|2026-08-05
MAC CAJAMARCA|CAJAMARCA|CAJAMARCA|CAJAMARCA|MASCULINO|MENOR DE EDAD (0 A 17 AÑOS)|2025|DICIEMBRE|EMITIDO|54|2026-08-05
MAC HUANUCO|HUANUCO|HUANUCO|HUANUCO|FEMENINO|MAYOR DE EDAD (18 AÑOS A MÁS)|2025|DICIEMBRE|EMITIDO|249|2026-08-05
MAC HUANUCO|HUANUCO|HUANUCO|HUANUCO|FEMENINO|MENOR DE EDAD (0 A 17 AÑOS)|2025|DICIEMBRE|EMITIDO|38|2026-08-05
MAC HUANUCO|HUANUCO|HUANUCO|HUANUCO|MASCULINO|MAYOR DE EDAD (18 AÑOS A MÁS)|2025|DICIEMBRE|EMITIDO|191|2026-08-05
MAC HUANUCO|HUANUCO|HUANUCO|HUANUCO|MASCULINO|MENOR DE EDAD (0 A 17 AÑOS)|2025|DICIEMBRE|EMITIDO|41|2026-08-05
MAC ICA|SAN ANDRES|PISCO|ICA|FEMENINO|MAYOR DE EDAD (18 AÑOS A MÁS)|2025|DICIEMBRE|EMITIDO|412|2026-08-05
MAC ICA|SAN ANDRES|PISCO|ICA|FEMENINO|MENOR DE EDAD (0 A 17 AÑOS)|2025|DICIEMBRE|EMITIDO|83|2026-08-05
MAC ICA|SAN ANDRES|PISCO|ICA|MASCULINO|MAYOR DE EDAD (18 AÑOS A MÁS)|2025|DICIEMBRE|EMITIDO|370|2026-08-05
MAC ICA|SAN ANDRES|PISCO|ICA|MASCULINO|MENOR DE EDAD (0 A 17 AÑOS)|2025|DICIEMBRE|EMITIDO|91|2026-08-05
MAC LIMA ESTE|SANTA ANITA|LIMA|LIMA|FEMENINO|MAYOR DE EDAD (18 AÑOS A MÁS)|2025|DICIEMBRE|EMITIDO|1110|2026-08-05
MAC LIMA ESTE|SANTA ANITA|LIMA|LIMA|FEMENINO|MENOR DE EDAD (0 A 17 AÑOS)|2025|DICIEMBRE|EMITIDO|249|2026-08-05
MAC LIMA ESTE|SANTA ANITA|LIMA|LIMA|MASCULINO|MAYOR DE EDAD (18 AÑOS A MÁS)|2025|DICIEMBRE|EMITIDO|1046|2026-08-05
MAC LIMA ESTE|SANTA ANITA|LIMA|LIMA|MASCULINO|MENOR DE EDAD (0 A 17 AÑOS)|2025|DICIEMBRE|EMITIDO|259|2026-08-05
MAC LIMA NORTE|COMAS|LIMA|LIMA|FEMENINO|MAYOR DE EDAD (18 AÑOS A MÁS)|2025|DICIEMBRE|EMITIDO|2685|2026-08-05
MAC LIMA NORTE|COMAS|LIMA|LIMA|FEMENINO|MENOR DE EDAD (0 A 17 AÑOS)|2025|DICIEMBRE|EMITIDO|563|2026-08-05
MAC LIMA NORTE|COMAS|LIMA|LIMA|MASCULINO|MAYOR DE EDAD (18 AÑOS A MÁS)|2025|DICIEMBRE|EMITIDO|2267|2026-08-05
MAC LIMA NORTE|COMAS|LIMA|LIMA|MASCULINO|MENOR DE EDAD (0 A 17 AÑOS)|2025|DICIEMBRE|EMITIDO|569|2026-08-05
MAC LORETO|PUNCHANA|MAYNAS|LORETO|FEMENINO|MAYOR DE EDAD (18 AÑOS A MÁS)|2025|DICIEMBRE|EMITIDO|231|2026-08-05
MAC LORETO|PUNCHANA|MAYNAS|LORETO|FEMENINO|MENOR DE EDAD (0 A 17 AÑOS)|2025|DICIEMBRE|EMITIDO|55|2026-08-05
MAC LORETO|PUNCHANA|MAYNAS|LORETO|MASCULINO|MAYOR DE EDAD (18 AÑOS A MÁS)|2025|DICIEMBRE|EMITIDO|198|2026-08-05
MAC LORETO|PUNCHANA|MAYNAS|LORETO|MASCULINO|MENOR DE EDAD (0 A 17 AÑOS)|2025|DICIEMBRE|EMITIDO|59|2026-08-05
MAC MOQUEGUA|ILO|ILO|MOQUEGUA|FEMENINO|MAYOR DE EDAD (18 AÑOS A MÁS)|2025|DICIEMBRE|EMITIDO|90|2026-08-05
MAC MOQUEGUA|ILO|ILO|MOQUEGUA|FEMENINO|MENOR DE EDAD (0 A 17 AÑOS)|2025|DICIEMBRE|EMITIDO|27|2026-08-05
MAC MOQUEGUA|ILO|ILO|MOQUEGUA|MASCULINO|MAYOR DE EDAD (18 AÑOS A MÁS)|2025|DICIEMBRE|EMITIDO|114|2026-08-05
MAC MOQUEGUA|ILO|ILO|MOQUEGUA|MASCULINO|MENOR DE EDAD (0 A 17 AÑOS)|2025|DICIEMBRE|EMITIDO|13|2026-08-05
MAC PUNO|JULIACA|SAN ROMAN|PUNO|FEMENINO|MAYOR DE EDAD (18 AÑOS A MÁS)|2025|DICIEMBRE|EMITIDO|145|2026-08-05
MAC PUNO|JULIACA|SAN ROMAN|PUNO|FEMENINO|MENOR DE EDAD (0 A 17 AÑOS)|2025|DICIEMBRE|EMITIDO|21|2026-08-05
MAC PUNO|JULIACA|SAN ROMAN|PUNO|MASCULINO|MAYOR DE EDAD (18 AÑOS A MÁS)|2025|DICIEMBRE|EMITIDO|143|2026-08-05
MAC PUNO|JULIACA|SAN ROMAN|PUNO|MASCULINO|MENOR DE EDAD (0 A 17 AÑOS)|2025|DICIEMBRE|EMITIDO|30|2026-08-05
MAC UCAYALI|YARINACOCHA|CORONEL PORTILLO|UCAYALI|FEMENINO|MAYOR DE EDAD (18 AÑOS A MÁS)|2025|DICIEMBRE|EMITIDO|259|2026-08-05
MAC UCAYALI|YARINACOCHA|CORONEL PORTILLO|UCAYALI|FEMENINO|MENOR DE EDAD (0 A 17 AÑOS)|2025|DICIEMBRE|EMITIDO|62|2026-08-05
MAC UCAYALI|YARINACOCHA|CORONEL PORTILLO|UCAYALI|MASCULINO|MAYOR DE EDAD (18 AÑOS A MÁS)|2025|DICIEMBRE|EMITIDO|216|2026-08-05
MAC UCAYALI|YARINACOCHA|CORONEL PORTILLO|UCAYALI|MASCULINO|MENOR DE EDAD (0 A 17 AÑOS)|2025|DICIEMBRE|EMITIDO|74|2026-08-05
MIGRACENTRO REAL PLAZA PRIMAVERA|SAN BORJA|LIMA|LIMA|FEMENINO|MAYOR DE EDAD (18 AÑOS A MÁS)|2025|DICIEMBRE|EMITIDO|1904|2026-08-05
MIGRACENTRO REAL PLAZA PRIMAVERA|SAN BORJA|LIMA|LIMA|FEMENINO|MENOR DE EDAD (0 A 17 AÑOS)|2025|DICIEMBRE|EMITIDO|278|2026-08-05
MIGRACENTRO REAL PLAZA PRIMAVERA|SAN BORJA|LIMA|LIMA|MASCULINO|MAYOR DE EDAD (18 AÑOS A MÁS)|2025|DICIEMBRE|EMITIDO|1466|2026-08-05
MIGRACENTRO REAL PLAZA PRIMAVERA|SAN BORJA|LIMA|LIMA|MASCULINO|MENOR DE EDAD (0 A 17 AÑOS)|2025|DICIEMBRE|EMITIDO|296|2026-08-05
PIURA|PIURA|PIURA|PIURA|FEMENINO|MAYOR DE EDAD (18 AÑOS A MÁS)|2025|DICIEMBRE|EMITIDO|680|2026-08-05
PIURA|PIURA|PIURA|PIURA|FEMENINO|MENOR DE EDAD (0 A 17 AÑOS)|2025|DICIEMBRE|EMITIDO|130|2026-08-05
PIURA|PIURA|PIURA|PIURA|MASCULINO|MAYOR DE EDAD (18 AÑOS A MÁS)|2025|DICIEMBRE|EMITIDO|600|2026-08-05
PIURA|PIURA|PIURA|PIURA|MASCULINO|MENOR DE EDAD (0 A 17 AÑOS)|2025|DICIEMBRE|EMITIDO|118|2026-08-05
PTO MALDON.|TAMBOPATA|TAMBOPATA|MADRE DE DIOS|FEMENINO|MAYOR DE EDAD (18 AÑOS A MÁS)|2025|DICIEMBRE|EMITIDO|141|2026-08-05
PTO MALDON.|TAMBOPATA|TAMBOPATA|MADRE DE DIOS|FEMENINO|MENOR DE EDAD (0 A 17 AÑOS)|2025|DICIEMBRE|EMITIDO|37|2026-08-05
PTO MALDON.|TAMBOPATA|TAMBOPATA|MADRE DE DIOS|MASCULINO|MAYOR DE EDAD (18 AÑOS A MÁS)|2025|DICIEMBRE|EMITIDO|116|2026-08-05
PTO MALDON.|TAMBOPATA|TAMBOPATA|MADRE DE DIOS|MASCULINO|MENOR DE EDAD (0 A 17 AÑOS)|2025|DICIEMBRE|EMITIDO|36|2026-08-05
PUERTO CALLAO|CALLAO|CALLAO|CALLAO|FEMENINO|MAYOR DE EDAD (18 AÑOS A MÁS)|2025|DICIEMBRE|EMITIDO|2151|2026-08-05
PUERTO CALLAO|CALLAO|CALLAO|CALLAO|FEMENINO|MENOR DE EDAD (0 A 17 AÑOS)|2025|DICIEMBRE|EMITIDO|486|2026-08-05
PUERTO CALLAO|CALLAO|CALLAO|CALLAO|MASCULINO|MAYOR DE EDAD (18 AÑOS A MÁS)|2025|DICIEMBRE|EMITIDO|1748|2026-08-05
PUERTO CALLAO|CALLAO|CALLAO|CALLAO|MASCULINO|MENOR DE EDAD (0 A 17 AÑOS)|2025|DICIEMBRE|EMITIDO|466|2026-08-05
PUNO|PUNO|PUNO|PUNO|FEMENINO|MAYOR DE EDAD (18 AÑOS A MÁS)|2025|DICIEMBRE|EMITIDO|199|2026-08-05
PUNO|PUNO|PUNO|PUNO|FEMENINO|MENOR DE EDAD (0 A 17 AÑOS)|2025|DICIEMBRE|EMITIDO|29|2026-08-05
PUNO|PUNO|PUNO|PUNO|MASCULINO|MAYOR DE EDAD (18 AÑOS A MÁS)|2025|DICIEMBRE|EMITIDO|170|2026-08-05
PUNO|PUNO|PUNO|PUNO|MASCULINO|MENOR DE EDAD (0 A 17 AÑOS)|2025|DICIEMBRE|EMITIDO|21|2026-08-05
PURUCHUCO|ATE|LIMA|LIMA|FEMENINO|MAYOR DE EDAD (18 AÑOS A MÁS)|2025|DICIEMBRE|EMITIDO|941|2026-08-05
PURUCHUCO|ATE|LIMA|LIMA|FEMENINO|MENOR DE EDAD (0 A 17 AÑOS)|2025|DICIEMBRE|EMITIDO|208|2026-08-05
PURUCHUCO|ATE|LIMA|LIMA|MASCULINO|MAYOR DE EDAD (18 AÑOS A MÁS)|2025|DICIEMBRE|EMITIDO|816|2026-08-05
PURUCHUCO|ATE|LIMA|LIMA|MASCULINO|MENOR DE EDAD (0 A 17 AÑOS)|2025|DICIEMBRE|EMITIDO|216|2026-08-05
SJMIRAFLORES|SAN JUAN DE MIRAFLORES|LIMA|LIMA|FEMENINO|MAYOR DE EDAD (18 AÑOS A MÁS)|2025|DICIEMBRE|EMITIDO|1895|2026-08-05
SJMIRAFLORES|SAN JUAN DE MIRAFLORES|LIMA|LIMA|FEMENINO|MENOR DE EDAD (0 A 17 AÑOS)|2025|DICIEMBRE|EMITIDO|388|2026-08-05
SJMIRAFLORES|SAN JUAN DE MIRAFLORES|LIMA|LIMA|MASCULINO|MAYOR DE EDAD (18 AÑOS A MÁS)|2025|DICIEMBRE|EMITIDO|1610|2026-08-05
SJMIRAFLORES|SAN JUAN DE MIRAFLORES|LIMA|LIMA|MASCULINO|MENOR DE EDAD (0 A 17 AÑOS)|2025|DICIEMBRE|EMITIDO|428|2026-08-05
SURCO|SURCO|LIMA|LIMA|FEMENINO|MAYOR DE EDAD (18 AÑOS A MÁS)|2025|DICIEMBRE|EMITIDO|6387|2026-08-05
SURCO|SURCO|LIMA|LIMA|FEMENINO|MENOR DE EDAD (0 A 17 AÑOS)|2025|DICIEMBRE|EMITIDO|1218|2026-08-05
SURCO|SURCO|LIMA|LIMA|MASCULINO|MAYOR DE EDAD (18 AÑOS A MÁS)|2025|DICIEMBRE|EMITIDO|4948|2026-08-05
SURCO|SURCO|LIMA|LIMA|MASCULINO|MENOR DE EDAD (0 A 17 AÑOS)|2025|DICIEMBRE|EMITIDO|1141|2026-08-05
TACNA|TACNA|TACNA|TACNA|FEMENINO|MAYOR DE EDAD (18 AÑOS A MÁS)|2025|DICIEMBRE|EMITIDO|399|2026-08-05
TACNA|TACNA|TACNA|TACNA|FEMENINO|MENOR DE EDAD (0 A 17 AÑOS)|2025|DICIEMBRE|EMITIDO|62|2026-08-05
TACNA|TACNA|TACNA|TACNA|MASCULINO|MAYOR DE EDAD (18 AÑOS A MÁS)|2025|DICIEMBRE|EMITIDO|372|2026-08-05
TACNA|TACNA|TACNA|TACNA|MASCULINO|MENOR DE EDAD (0 A 17 AÑOS)|2025|DICIEMBRE|EMITIDO|66|2026-08-05
TARAPOTO|TARAPOTO|SAN MARTIN|SAN MARTIN|FEMENINO|MAYOR DE EDAD (18 AÑOS A MÁS)|2025|DICIEMBRE|EMITIDO|378|2026-08-05
TARAPOTO|TARAPOTO|SAN MARTIN|SAN MARTIN|FEMENINO|MENOR DE EDAD (0 A 17 AÑOS)|2025|DICIEMBRE|EMITIDO|121|2026-08-05
TARAPOTO|TARAPOTO|SAN MARTIN|SAN MARTIN|MASCULINO|MAYOR DE EDAD (18 AÑOS A MÁS)|2025|DICIEMBRE|EMITIDO|328|2026-08-05
TARAPOTO|TARAPOTO|SAN MARTIN|SAN MARTIN|MASCULINO|MENOR DE EDAD (0 A 17 AÑOS)|2025|DICIEMBRE|EMITIDO|99|2026-08-05
TRUJILLO|TRUJILLO|TRUJILLO|LA LIBERTAD|FEMENINO|MAYOR DE EDAD (18 AÑOS A MÁS)|2025|DICIEMBRE|EMITIDO|1275|2026-08-05
TRUJILLO|TRUJILLO|TRUJILLO|LA LIBERTAD|FEMENINO|MENOR DE EDAD (0 A 17 AÑOS)|2025|DICIEMBRE|EMITIDO|282|2026-08-05
TRUJILLO|TRUJILLO|TRUJILLO|LA LIBERTAD|MASCULINO|MAYOR DE EDAD (18 AÑOS A MÁS)|2025|DICIEMBRE|EMITIDO|1051|2026-08-05
TRUJILLO|TRUJILLO|TRUJILLO|LA LIBERTAD|MASCULINO|MENOR DE EDAD (0 A 17 AÑOS)|2025|DICIEMBRE|EMITIDO|297|2026-08-05
TUMBES|TUMBES|TUMBES|TUMBES|FEMENINO|MAYOR DE EDAD (18 AÑOS A MÁS)|2025|DICIEMBRE|EMITIDO|88|2026-08-05
TUMBES|TUMBES|TUMBES|TUMBES|FEMENINO|MENOR DE EDAD (0 A 17 AÑOS)|2025|DICIEMBRE|EMITIDO|13|2026-08-05
TUMBES|TUMBES|TUMBES|TUMBES|MASCULINO|MAYOR DE EDAD (18 AÑOS A MÁS)|2025|DICIEMBRE|EMITIDO|113|2026-08-05
TUMBES|TUMBES|TUMBES|TUMBES|MASCULINO|MENOR DE EDAD (0 A 17 AÑOS)|2025|DICIEMBRE|EMITIDO|16|2026-08-05
VENTANILLA|VENTANILLA|CALLAO|CALLAO|FEMENINO|MAYOR DE EDAD (18 AÑOS A MÁS)|2025|DICIEMBRE|EMITIDO|391|2026-08-05
VENTANILLA|VENTANILLA|CALLAO|CALLAO|FEMENINO|MENOR DE EDAD (0 A 17 AÑOS)|2025|DICIEMBRE|EMITIDO|89|2026-08-05
VENTANILLA|VENTANILLA|CALLAO|CALLAO|MASCULINO|MAYOR DE EDAD (18 AÑOS A MÁS)|2025|DICIEMBRE|EMITIDO|383|2026-08-05
VENTANILLA|VENTANILLA|CALLAO|CALLAO|MASCULINO|MENOR DE EDAD (0 A 17 AÑOS)|2025|DICIEMBRE|EMITIDO|97|2026-08-05
